Date;Certified_Stocks
;Close
28.01.2026;431118
27.01.2026;431118
26.01.2026;440312
23.01.2026;447855
22.01.2026;442459
21.01.2026;440553
20.01.2026;440846
16.01.2026;446678
15.01.2026;449322
14.01.2026;449322
13.01.2026;453029
12.01.2026;450319
09.01.2026;461334
08.01.2026;461469
07.01.2026;461829
06.01.2026;457031
05.01.2026;452906
02.01.2026;452906
31.12.2025;453155
30.12.2025;455727
29.12.2025;456477
26.12.2025;456477
24.12.2025;456477
23.12.2025;453764
22.12.2025;443983
19.12.2025;439257
18.12.2025;432672
17.12.2025;426938
16.12.2025;420173
15.12.2025;417453
12.12.2025;420597
11.12.2025;416374
10.12.2025;415280
09.12.2025;412446
08.12.2025;421379
05.12.2025;426523
04.12.2025;418494
03.12.2025;413474
02.12.2025;408904
01.12.2025;406609
28.11.2025;406959
26.11.2025;408939
25.11.2025;403554
24.11.2025;405215
21.11.2025;402069
20.11.2025;398645
19.11.2025;400323
18.11.2025;396513
17.11.2025;400790
14.11.2025;403190
13.11.2025;403430
12.11.2025;404930
11.11.2025;406129
10.11.2025;416703
07.11.2025;417478
06.11.2025;418203
05.11.2025;429770
04.11.2025;430270
03.11.2025;431481
31.10.2025;431728
30.10.2025;446475
29.10.2025;446475
28.10.2025;449615
27.10.2025;450743
24.10.2025;447773
23.10.2025;462806
22.10.2025;465910
21.10.2025;468410
20.10.2025;468410
17.10.2025;467110
16.10.2025;493783
15.10.2025;494558
14.10.2025;496808
13.10.2025;498088
10.10.2025;509383
09.10.2025;519534
08.10.2025;525989
07.10.2025;534665
03.10.2025;538606
02.10.2025;547036
01.10.2025;563351
30.09.2025;569937
29.09.2025;571754
26.09.2025;576753
25.09.2025;579961
24.09.2025;601717
23.09.2025;615903
22.09.2025;643341
19.09.2025;654225
18.09.2025;658302
17.09.2025;659949
16.09.2025;668874
15.09.2025;666337
12.09.2025;669225
11.09.2025;669991
10.09.2025;679548
09.09.2025;685945
08.09.2025;695884
05.09.2025;692766
04.09.2025;690432
03.09.2025;686863
02.09.2025;699404
29.08.2025;710196
28.08.2025;714936
27.08.2025;716578
26.08.2025;717113
25.08.2025;729934
22.08.2025;729606
21.08.2025;729829
20.08.2025;736099
19.08.2025;736573
18.08.2025;733105
15.08.2025;731739
14.08.2025;726661
13.08.2025;736411
12.08.2025;737526
11.08.2025;737609
08.08.2025;738094
07.08.2025;743240
06.08.2025;751044
05.08.2025;754516
04.08.2025;760529
01.08.2025;761453
31.07.2025;770621
30.07.2025;775476
29.07.2025;791842
28.07.2025;800326
25.07.2025;802678
24.07.2025;806232
23.07.2025;806062
22.07.2025;807856
21.07.2025;811024
18.07.2025;814055
17.07.2025;819061
16.07.2025;821463
15.07.2025;831612
14.07.2025;828678
11.07.2025;826914
10.07.2025;831719
09.07.2025;836330
08.07.2025;832430
07.07.2025;833695
03.07.2025;842223
02.07.2025;843759
01.07.2025;841770
30.06.2025;841173
27.06.2025;844319
26.06.2025;850381
25.06.2025;854206
24.06.2025;855380
23.06.2025;865898
20.06.2025;868567
19.06.2025;863808
18.06.2025;861143
17.06.2025;859389
16.06.2025;852849
13.06.2025;846291
12.06.2025;837524
11.06.2025;827587
10.06.2025;818442
09.06.2025;816269
06.06.2025;820669
05.06.2025;826484
04.06.2025;860723
03.06.2025;878087
02.06.2025;882212
30.05.2025;888390
29.05.2025;891716
28.05.2025;886115
27.05.2025;892468
22.05.2025;883197
21.05.2025;876019
20.05.2025;866951
19.05.2025;858534
16.05.2025;851169
15.05.2025;841822
14.05.2025;835767
13.05.2025;844047
12.05.2025;843903
09.05.2025;838168
08.05.2025;837358
07.05.2025;844473
06.05.2025;838385
05.05.2025;832133
02.05.2025;828119
01.05.2025;821075
30.04.2025;813668
29.04.2025;812611
28.04.2025;826304
25.04.2025;822021
24.04.2025;815926
23.04.2025;811816
22.04.2025;806181
21.04.2025;801549
17.04.2025;795588
16.04.2025;787313
15.04.2025;790337
14.04.2025;786920
11.04.2025;784559
10.04.2025;785559
09.04.2025;778188
08.04.2025;780806
07.04.2025;773786
04.04.2025;771014
03.04.2025;782113
02.04.2025;777263
01.04.2025;780340
31.03.2025;770476
28.03.2025;771576
27.03.2025;777817
26.03.2025;783813
25.03.2025;781958
24.03.2025;779633
21.03.2025;777708
20.03.2025;782489
19.03.2025;782648
18.03.2025;787609
17.03.2025;790641
14.03.2025;796736
13.03.2025;802277
12.03.2025;793625
11.03.2025;803032
10.03.2025;799406
07.03.2025;797826
06.03.2025;794681
05.03.2025;782732
04.03.2025;791471
03.03.2025;791826
28.02.2025;805588
27.02.2025;809128
26.02.2025;799377
25.02.2025;803066
24.02.2025;792695
21.02.2025;787999
20.02.2025;779063
19.02.2025;774553
18.02.2025;758514
17.02.2025;824783
14.02.2025;839399
13.02.2025;849935
12.02.2025;841795
11.02.2025;857129
10.02.2025;872991
07.02.2025;862738
06.02.2025;854553
05.02.2025;847805
04.02.2025;854953
03.02.2025;856177
31.01.2025;867582
30.01.2025;885886
29.01.2025;902995
28.01.2025;927650
27.01.2025;925650
24.01.2025;928935
23.01.2025;948749
22.01.2025;956209
21.01.2025;956214
17.01.2025;982377
16.01.2025;979142
15.01.2025;979130
14.01.2025;979130
13.01.2025;979130
10.01.2025;977110
09.01.2025;980543
08.01.2025;980958
07.01.2025;991604
06.01.2025;993562
03.01.2025;985672
02.01.2025;985797
31.12.2024;979967
30.12.2024;991080
27.12.2024;989800
26.12.2024;990395
24.12.2024;990395
23.12.2024;990395
20.12.2024;985990
19.12.2024;981565
18.12.2024;965715
17.12.2024;949231
16.12.2024;940351
13.12.2024;940426
12.12.2024;929357
11.12.2024;919388
10.12.2024;911103
05.12.2024;897011
04.12.2024;897286
03.12.2024;904272
02.12.2024;900548
29.11.2024;900548
27.11.2024;903548
26.11.2024;890793
25.11.2024;885298
22.11.2024;884538
21.11.2024;893325
20.11.2024;878551
19.11.2024;879117
18.11.2024;873724
15.11.2024;872664
14.11.2024;873589
13.11.2024;866164
12.11.2024;852161
11.11.2024;852446
08.11.2024;852638
07.11.2024;854963
06.11.2024;858443
05.11.2024;863440
04.11.2024;861590
01.11.2024;856423
31.10.2024;852058
30.10.2024;849553
29.10.2024;835014
28.10.2024;839399
25.10.2024;843284
24.10.2024;839910
23.10.2024;839910
22.10.2024;849461
21.10.2024;849961
18.10.2024;849709
17.10.2024;837519
16.10.2024;836998
15.10.2024;828713
14.10.2024;823163
11.10.2024;815087
10.10.2024;808252
09.10.2024;808892
08.10.2024;807785
07.10.2024;813856
04.10.2024;804576
03.10.2024;795874
02.10.2024;801344
01.10.2024;801344
30.09.2024;813999
27.09.2024;818183
26.09.2024;820220
25.09.2024;830587
24.09.2024;831727
23.09.2024;837761
20.09.2024;838536
19.09.2024;837656
18.09.2024;837506
17.09.2024;853802
16.09.2024;850889
13.09.2024;856269
12.09.2024;858474
11.09.2024;854894
10.09.2024;850554
09.09.2024;846687
06.09.2024;843847
05.09.2024;834792
04.09.2024;823325
03.09.2024;813734
30.08.2024;847873
29.08.2024;840190
28.08.2024;831685
27.08.2024;838450
26.08.2024;843725
23.08.2024;844145
22.08.2024;838167
21.08.2024;841570
20.08.2024;842230
19.08.2024;843110
16.08.2024;836921
15.08.2024;836921
14.08.2024;825633
13.08.2024;822496
12.08.2024;820732
09.08.2024;828509
08.08.2024;828704
07.08.2024;826444
06.08.2024;824584
05.08.2024;825319
02.08.2024;830094
01.08.2024;822819
31.07.2024;814924
30.07.2024;821108
29.07.2024;814656
26.07.2024;814801
25.07.2024;814801
24.07.2024;812306
23.07.2024;813378
22.07.2024;820723
19.07.2024;818230
18.07.2024;818230
17.07.2024;809209
16.07.2024;801547
15.07.2024;803167
12.07.2024;805366
11.07.2024;808901
10.07.2024;808628
09.07.2024;803319
08.07.2024;808649
05.07.2024;811359
03.07.2024;820629
01.07.2024;815716
28.06.2024;807394
27.06.2024;808184
26.06.2024;808459
25.06.2024;842434
24.06.2024;835444
21.06.2024;831595
20.06.2024;831595
19.06.2024;829540
18.06.2024;824416
17.06.2024;821091
14.06.2024;815031
13.06.2024;808067
12.06.2024;804878
11.06.2024;799038
10.06.2024;799038
07.06.2024;799038
06.06.2024;798683
05.06.2024;798683
04.06.2024;790738
03.06.2024;780583
31.05.2024;784771
30.05.2024;786366
29.05.2024;788366
28.05.2024;778321
24.05.2024;774686
23.05.2024;774716
22.05.2024;765363
21.05.2024;765363
20.05.2024;767388
17.05.2024;760383
16.05.2024;749878
15.05.2024;740449
14.05.2024;735694
13.05.2024;721723
10.05.2024;711871
09.05.2024;699616
08.05.2024;687673
07.05.2024;701423
06.05.2024;686958
03.05.2024;689178
02.05.2024;682036
01.05.2024;667376
30.04.2024;659758
29.04.2024;661352
26.04.2024;656657
25.04.2024;661492
24.04.2024;652672
23.04.2024;647530
22.04.2024;639670
19.04.2024;643090
18.04.2024;635110
17.04.2024;630856
16.04.2024;623481
15.04.2024;624545
12.04.2024;639650
11.04.2024;637405
10.04.2024;632500
09.04.2024;621870
08.04.2024;615562
05.04.2024;613462
04.04.2024;628217
03.04.2024;616682
02.04.2024;604079
01.04.2024;595209
28.03.2024;595209
27.03.2024;583879
26.03.2024;585379
25.03.2024;577023
22.03.2024;568097
21.03.2024;560627
20.03.2024;544766
19.03.2024;532266
18.03.2024;516386
15.03.2024;488678
14.03.2024;467825
13.03.2024;458107
12.03.2024;450727
11.03.2024;431157
08.03.2024;424752
07.03.2024;410877
06.03.2024;392547
05.03.2024;381107
01.03.2024;360547
29.02.2024;353606
28.02.2024;342766
27.02.2024;333771
26.02.2024;332797
23.02.2024;324157
22.02.2024;315827
21.02.2024;307262
20.02.2024;307262
16.02.2024;307262
15.02.2024;302462
14.02.2024;302462
13.02.2024;297445
12.02.2024;297470
09.02.2024;297795
08.02.2024;289552
07.02.2024;288745
06.02.2024;288745
05.02.2024;281455
02.02.2024;266890
01.02.2024;261893
31.01.2024;249829
30.01.2024;250569
29.01.2024;243465
26.01.2024;249206
25.01.2024;254336
24.01.2024;257478
23.01.2024;255893
22.01.2024;253978
19.01.2024;253108
18.01.2024;263810
17.01.2024;267340
16.01.2024;259190
11.01.2024;258066
10.01.2024;258066
09.01.2024;256380
08.01.2024;252646
05.01.2024;253144
04.01.2024;253144
03.01.2024;253144
02.01.2024;251224
29.12.2023;251224
28.12.2023;258399
27.12.2023;246941
26.12.2023;247912
22.12.2023;247912
21.12.2023;247912
20.12.2023;247944
19.12.2023;242999
18.12.2023;242399
15.12.2023;242399
14.12.2023;242399
13.12.2023;240974
12.12.2023;240974
11.12.2023;235659
08.12.2023;234699
07.12.2023;234699
06.12.2023;234699
05.12.2023;229341
04.12.2023;224066
01.12.2023;224066
30.11.2023;224066
29.11.2023;259800
28.11.2023;293564
27.11.2023;290734
24.11.2023;290734
22.11.2023;290734
21.11.2023;290734
20.11.2023;289699
17.11.2023;289699
16.11.2023;289699
15.11.2023;297100
14.11.2023;297100
13.11.2023;302235
10.11.2023;302235
09.11.2023;302235
08.11.2023;310501
07.11.2023;337915
06.11.2023;347555
03.11.2023;360009
02.11.2023;368100
01.11.2023;380033
31.10.2023;389138
30.10.2023;390135
27.10.2023;394175
26.10.2023;406466
25.10.2023;410171
24.10.2023;410171
23.10.2023;417296
20.10.2023;421424
19.10.2023;421614
18.10.2023;431772
17.10.2023;432022
16.10.2023;434772
13.10.2023;440773
12.10.2023;448022
11.10.2023;445442
10.10.2023;442222
09.10.2023;442222
06.10.2023;442222
05.10.2023;442222
04.10.2023;443042
03.10.2023;444871
02.10.2023;441945
29.09.2023;441945
28.09.2023;444073
27.09.2023;446518
26.09.2023;446518
25.09.2023;446518
22.09.2023;440853
21.09.2023;440853
20.09.2023;440853
19.09.2023;448113
18.09.2023;448113
15.09.2023;445913
14.09.2023;442548
13.09.2023;442548
12.09.2023;442548
11.09.2023;442553
08.09.2023;450153
07.09.2023;458411
06.09.2023;467919
05.09.2023;467919
01.09.2023;483383
31.08.2023;484738
30.08.2023;490739
29.08.2023;500931
28.08.2023;512433
25.08.2023;512753
24.08.2023;512753
23.08.2023;513503
22.08.2023;513503
21.08.2023;513595
18.08.2023;513665
17.08.2023;514909
16.08.2023;514909
15.08.2023;513740
14.08.2023;514305
11.08.2023;520869
10.08.2023;520869
09.08.2023;525917
08.08.2023;527942
07.08.2023;527942
04.08.2023;527942
03.08.2023;527942
02.08.2023;528002
01.08.2023;528752
31.07.2023;528752
28.07.2023;528752
27.07.2023;532523
26.07.2023;532248
25.07.2023;532248
24.07.2023;532055
21.07.2023;535870
20.07.2023;541266
19.07.2023;541266
18.07.2023;541266
17.07.2023;544203
14.07.2023;545203
13.07.2023;545503
12.07.2023;545823
11.07.2023;543888
10.07.2023;545050
07.07.2023;545050
06.07.2023;545615
05.07.2023;544595
03.07.2023;544595
30.06.2023;544915
29.06.2023;545819
28.06.2023;546039
27.06.2023;549252
26.06.2023;546650
23.06.2023;546650
22.06.2023;546650
21.06.2023;541139
20.06.2023;541774
16.06.2023;545327
15.06.2023;546325
14.06.2023;547800
13.06.2023;548111
12.06.2023;550354
09.06.2023;550379
08.06.2023;552221
07.06.2023;555206
06.06.2023;557304
05.06.2023;565084
02.06.2023;573508
01.06.2023;574443
31.05.2023;583518
30.05.2023;592634
26.05.2023;598493
25.05.2023;609778
24.05.2023;620633
23.05.2023;620633
22.05.2023;627297
19.05.2023;629810
18.05.2023;629810
17.05.2023;634264
16.05.2023;639096
15.05.2023;642776
12.05.2023;644735
11.05.2023;646385
10.05.2023;649830
09.05.2023;650970
08.05.2023;655156
05.05.2023;657297
04.05.2023;659324
03.05.2023;663976
02.05.2023;671795
01.05.2023;672365
28.04.2023;680163
27.04.2023;687652
26.04.2023;698868
25.04.2023;698868
24.04.2023;699508
21.04.2023;699508
20.04.2023;699508
19.04.2023;700048
18.04.2023;708312
17.04.2023;709612
14.04.2023;710687
13.04.2023;710687
12.04.2023;720992
11.04.2023;729504
10.04.2023;729594
06.04.2023;730659
05.04.2023;731959
04.04.2023;732533
03.04.2023;742609
31.03.2023;742894
30.03.2023;742894
29.03.2023;745391
28.03.2023;747853
27.03.2023;747853
24.03.2023;747578
23.03.2023;749933
22.03.2023;775488
21.03.2023;775785
20.03.2023;776073
17.03.2023;787375
16.03.2023;788915
15.03.2023;785577
14.03.2023;785577
13.03.2023;782702
10.03.2023;779452
09.03.2023;771326
08.03.2023;767551
07.03.2023;763700
06.03.2023;765626
03.03.2023;774646
02.03.2023;786721
01.03.2023;787025
28.02.2023;787345
27.02.2023;794575
24.02.2023;800137
23.02.2023;809566
22.02.2023;814966
21.02.2023;832072
17.02.2023;832230
16.02.2023;840604
15.02.2023;844914
14.02.2023;870079
13.02.2023;873104
10.02.2023;874654
09.02.2023;880722
08.02.2023;891933
07.02.2023;887378
06.02.2023;872853
03.02.2023;872853
02.02.2023;872853
01.02.2023;870855
31.01.2023;861495
09.01.2023;836658
06.01.2023;830272
05.01.2023;820540
04.01.2023;813152
03.01.2023;814668
30.12.2022;814686
29.12.2022;808201
28.12.2022;797755
27.12.2022;787005
23.12.2022;787005
22.12.2022;788275
21.12.2022;785600
20.12.2022;775656
19.12.2022;765583
16.12.2022;753981
15.12.2022;743010
14.12.2022;732641
13.12.2022;717646
12.12.2022;705572
08.12.2022;668581
07.12.2022;658890
06.12.2022;648648
05.12.2022;637360
02.12.2022;609267
01.12.2022;605192
30.11.2022;591769
29.11.2022;575907
28.11.2022;565853
25.11.2022;557938
23.11.2022;550749
22.11.2022;530105
21.11.2022;513189
18.11.2022;497809
17.11.2022;484089
16.11.2022;485369
15.11.2022;468291
14.11.2022;468291
11.11.2022;454056
10.11.2022;448704
09.11.2022;441899
08.11.2022;426717
07.11.2022;406638
04.11.2022;387986
03.11.2022;382695
02.11.2022;384795
01.11.2022;384795
31.10.2022;384795
28.10.2022;384795
27.10.2022;385465
26.10.2022;386465
25.10.2022;387705
24.10.2022;388865
21.10.2022;390577
20.10.2022;392727
19.10.2022;397399
18.10.2022;397399
17.10.2022;397999
14.10.2022;400439
13.10.2022;408419
12.10.2022;416399
11.10.2022;416399
10.10.2022;416719
07.10.2022;416719
06.10.2022;417006
05.10.2022;417306
04.10.2022;417306
03.10.2022;417306
30.09.2022;426180
29.09.2022;435409
28.09.2022;444699
27.09.2022;449775
26.09.2022;460387
23.09.2022;472006
22.09.2022;485408
21.09.2022;500488
20.09.2022;515064
19.09.2022;532448
16.09.2022;532448
15.09.2022;563766
14.09.2022;575455
13.09.2022;585215
12.09.2022;602742
09.09.2022;615822
08.09.2022;624470
07.09.2022;613713
06.09.2022;630424
02.09.2022;635196
01.09.2022;670681
31.08.2022;672585
30.08.2022;671994
29.08.2022;663874
26.08.2022;658857
25.08.2022;660077
24.08.2022;663780
23.08.2022;653667
22.08.2022;627750
19.08.2022;610680
18.08.2022;596775
17.08.2022;581342
16.08.2022;577212
15.08.2022;571580
12.08.2022;571905
11.08.2022;571905
10.08.2022;591959
09.08.2022;610159
08.08.2022;630304
05.08.2022;660564
04.08.2022;665933
03.08.2022;695135
02.08.2022;700005
01.08.2022;700005
29.07.2022;700050
28.07.2022;700050
27.07.2022;700335
26.07.2022;703310
25.07.2022;704848
22.07.2022;705727
21.07.2022;712817
20.07.2022;718617
19.07.2022;727222
18.07.2022;734157
15.07.2022;740167
14.07.2022;750702
13.07.2022;759695
12.07.2022;769446
11.07.2022;782726
08.07.2022;789981
07.07.2022;805077
06.07.2022;813845
05.07.2022;823350
01.07.2022;854584
30.06.2022;887431
29.06.2022;926536
28.06.2022;931591
27.06.2022;951641
24.06.2022;955661
23.06.2022;969421
22.06.2022;975821
21.06.2022;981901
17.06.2022;991657
16.06.2022;998627
15.06.2022;1007750
14.06.2022;1012750
13.06.2022;1012750
10.06.2022;1017300
09.06.2022;1020880
08.06.2022;1021800
07.06.2022;1025680
06.06.2022;1028352
03.06.2022;1023477
02.06.2022;1030616
01.06.2022;1043879
31.05.2022;1060498
27.05.2022;1078765
26.05.2022;1081923
25.05.2022;1090155
24.05.2022;1099748
23.05.2022;1101673
20.05.2022;1104948
19.05.2022;1108296
18.05.2022;1111004
17.05.2022;1108936
16.05.2022;1114549
13.05.2022;1117719
12.05.2022;1113129
11.05.2022;1104179
10.05.2022;1105804
09.05.2022;1117072
06.05.2022;1121597
05.05.2022;1121597
04.05.2022;1122838
03.05.2022;1115209
02.05.2022;1118600
29.04.2022;1118600
28.04.2022;1124672
27.04.2022;1126162
26.04.2022;1116912
25.04.2022;1109311
22.04.2022;1105535
21.04.2022;1100116
20.04.2022;1094277
19.04.2022;1092133
18.04.2022;1080558
14.04.2022;1080558
13.04.2022;1077409
12.04.2022;1082229
11.04.2022;1076813
08.04.2022;1077178
07.04.2022;1080179
06.04.2022;1083023
05.04.2022;1091449
04.04.2022;1089844
01.04.2022;1084842
31.03.2022;1080116
30.03.2022;1099568
29.03.2022;1112566
28.03.2022;1122671
25.03.2022;1143629
24.03.2022;1140064
23.03.2022;1140494
22.03.2022;1133871
21.03.2022;1111056
18.03.2022;1085621
17.03.2022;1072292
16.03.2022;1072292
15.03.2022;1060132
14.03.2022;1039088
11.03.2022;1027688
10.03.2022;1021976
09.03.2022;1009144
08.03.2022;1001144
07.03.2022;992285
04.03.2022;1002588
03.03.2022;1003338
02.03.2022;994239
01.03.2022;996779
28.02.2022;989389
25.02.2022;988429
24.02.2022;980562
23.02.2022;990990
22.02.2022;999019
21.02.2022;1011484
18.02.2022;1007325
17.02.2022;1016629
16.02.2022;1028006
15.02.2022;1027982
14.02.2022;1032749
11.02.2022;1035410
10.02.2022;1035410
09.02.2022;1035863
08.02.2022;1060242
07.02.2022;1078106
04.02.2022;1110084
03.02.2022;1133898
02.02.2022;1149999
01.02.2022;1203501
31.01.2022;1218627
28.01.2022;1287626
27.01.2022;1288344
26.01.2022;1311889
25.01.2022;1328886
24.01.2022;1342791
21.01.2022;1358325
20.01.2022;1374344
19.01.2022;1387468
18.01.2022;1387468
14.01.2022;1409014
13.01.2022;1412316
12.01.2022;1432556
11.01.2022;1459355
10.01.2022;1492657
07.01.2022;1506480
06.01.2022;1516417
05.01.2022;1531803
04.01.2022;1535247
03.01.2022;1538204
31.12.2021;1541074
30.12.2021;1541074
29.12.2021;1541074
28.12.2021;1541399
27.12.2021;1546856
23.12.2021;1547393
22.12.2021;1548338
21.12.2021;1546263
20.12.2021;1555313
17.12.2021;1555363
16.12.2021;1554138
15.12.2021;1563834
14.12.2021;1575113
13.12.2021;1604802
10.12.2021;1605639
09.12.2021;1602705
08.12.2021;1602604
07.12.2021;1606336
06.12.2021;1600374
03.12.2021;1593072
02.12.2021;1587525
01.12.2021;1587222
30.11.2021;1599649
29.11.2021;1599649
26.11.2021;1600908
24.11.2021;1680887
23.11.2021;1682237
19.11.2021;1775232
18.11.2021;1794499
17.11.2021;1793293
16.11.2021;1793578
15.11.2021;1793543
12.11.2021;1795845
11.11.2021;1798415
10.11.2021;1812205
09.11.2021;1830964
08.11.2021;1841369
05.11.2021;1849501
04.11.2021;1849501
03.11.2021;1864712
02.11.2021;1858071
01.11.2021;1877375
29.10.2021;1879864
28.10.2021;1888044
27.10.2021;1888044
26.10.2021;1889453
25.10.2021;1909578
22.10.2021;1911834
21.10.2021;1909879
20.10.2021;1904413
19.10.2021;1919892
18.10.2021;1921255
15.10.2021;1920410
14.10.2021;1921804
13.10.2021;1912278
12.10.2021;1914494
11.10.2021;1916704
08.10.2021;1943189
07.10.2021;1938316
06.10.2021;1973016
05.10.2021;2039298
04.10.2021;2072799
01.10.2021;2076557
30.09.2021;2089392
29.09.2021;2101115
28.09.2021;2118855
27.09.2021;2121455
24.09.2021;2123080
23.09.2021;2125990
22.09.2021;2144615
21.09.2021;2163697
20.09.2021;2164017
17.09.2021;2164372
16.09.2021;2164372
15.09.2021;2161172
14.09.2021;2161497
13.09.2021;2161747
10.09.2021;2161747
09.09.2021;2162122
08.09.2021;2162122
07.09.2021;2161675
03.09.2021;2162806
02.09.2021;2162806
01.09.2021;2162806
31.08.2021;2165261
30.08.2021;2166886
27.08.2021;2166001
26.08.2021;2165606
25.08.2021;2165606
24.08.2021;2156236
23.08.2021;2154886
20.08.2021;2154886
19.08.2021;2157568
18.08.2021;2161961
17.08.2021;2166467
16.08.2021;2165748
13.08.2021;2161046
12.08.2021;2158987
11.08.2021;2158987
10.08.2021;2161387
09.08.2021;2159236
06.08.2021;2159236
05.08.2021;2161686
04.08.2021;2166366
03.08.2021;2166691
02.08.2021;2176727
30.07.2021;2174208
29.07.2021;2176206
28.07.2021;2176091
27.07.2021;2177081
26.07.2021;2177406
23.07.2021;2177706
22.07.2021;2180375
21.07.2021;2190238
20.07.2021;2187463
19.07.2021;2187463
16.07.2021;2188158
15.07.2021;2185341
14.07.2021;2181586
13.07.2021;2178088
12.07.2021;2174983
09.07.2021;2169958
08.07.2021;2163375
07.07.2021;2160878
06.07.2021;2170524
02.07.2021;2171324
01.07.2021;2171324
30.06.2021;2189155
29.06.2021;2185878
28.06.2021;2178300
25.06.2021;2179262
24.06.2021;2176947
23.06.2021;2175545
22.06.2021;2168547
21.06.2021;2162757
18.06.2021;2162757
17.06.2021;2154779
16.06.2021;2146156
15.06.2021;2139767
14.06.2021;2137465
11.06.2021;2131727
10.06.2021;2124530
09.06.2021;2115977
08.06.2021;2109297
07.06.2021;2106020
04.06.2021;2096713
03.06.2021;2085890
02.06.2021;2079583
01.06.2021;2075018
28.05.2021;2075788
27.05.2021;2066708
26.05.2021;2067018
25.05.2021;2065506
24.05.2021;2067706
21.05.2021;2049936
20.05.2021;2035721
19.05.2021;2028505
18.05.2021;2017765
17.05.2021;2018660
14.05.2021;2018710
13.05.2021;2020210
12.05.2021;2014770
11.05.2021;2005124
10.05.2021;1999684
07.05.2021;1993853
06.05.2021;1984253
05.05.2021;1983023
04.05.2021;1964845
03.05.2021;1945005
30.04.2021;1936685
29.04.2021;1922815
28.04.2021;1918545
27.04.2021;1908625
26.04.2021;1903825
23.04.2021;1900710
22.04.2021;1900260
21.04.2021;1898277
20.04.2021;1898555
19.04.2021;1894045
16.04.2021;1883915
15.04.2021;1875356
14.04.2021;1876231
13.04.2021;1870826
12.04.2021;1861134
09.04.2021;1861134
08.04.2021;1857303
07.04.2021;1863200
06.04.2021;1855075
05.04.2021;1855075
02.04.2021;1855075
01.04.2021;1845586
31.03.2021;1843116
30.03.2021;1831885
29.03.2021;1834930
26.03.2021;1835263
25.03.2021;1835513
24.03.2021;1829244
23.03.2021;1835154
22.03.2021;1840604
19.03.2021;1840604
18.03.2021;1840889
17.03.2021;1845832
16.03.2021;1840433
15.03.2021;1834729
12.03.2021;1836409
11.03.2021;1836918
10.03.2021;1831143
09.03.2021;1827663
08.03.2021;1815568
05.03.2021;1806933
04.03.2021;1797622
03.03.2021;1790051
02.03.2021;1786190
01.03.2021;1784441
26.02.2021;1771916
25.02.2021;1762415
24.02.2021;1764474
23.02.2021;1757390
22.02.2021;1739391
19.02.2021;1733624
18.02.2021;1736174
17.02.2021;1739310
16.02.2021;1724480
15.02.2021;1720253
12.02.2021;1715133
11.02.2021;1706555
10.02.2021;1688231
09.02.2021;1675880
08.02.2021;1662830
05.02.2021;1652245
04.02.2021;1638515
03.02.2021;1621180
29.01.2021;1622191
28.01.2021;1618809
27.01.2021;1617376
26.01.2021;1609775
25.01.2021;1602404
22.01.2021;1588980
21.01.2021;1571125
20.01.2021;1556920
19.01.2021;1542125
18.01.2021;1527991
15.01.2021;1519310
14.01.2021;1527902
13.01.2021;1515479
12.01.2021;1516893
11.01.2021;1497338
08.01.2021;1484998
07.01.2021;1467023
06.01.2021;1458773
31.12.2020;1419902
30.12.2020;1420202
29.12.2020;1426169
28.12.2020;1401139
24.12.2020;1396226
23.12.2020;1396501
22.12.2020;1382686
21.12.2020;1373816
18.12.2020;1370191
17.12.2020;1371566
16.12.2020;1375622
15.12.2020;1356542
14.12.2020;1335059
11.12.2020;1323814
10.12.2020;1313995
09.12.2020;1316135
08.12.2020;1312843
07.12.2020;1298868
04.12.2020;1293893
03.12.2020;1291796
02.12.2020;1273120
01.12.2020;1260475
30.11.2020;1244111
27.11.2020;1244937
25.11.2020;1246345
24.11.2020;1247191
23.11.2020;1237333
20.11.2020;1235915
19.11.2020;1229956
18.11.2020;1222886
17.11.2020;1206686
16.11.2020;1200762
13.11.2020;1197512
12.11.2020;1192586
11.11.2020;1192616
10.11.2020;1185869
09.11.2020;1179789
06.11.2020;1170434
05.11.2020;1160439
04.11.2020;1152585
03.11.2020;1152585
02.11.2020;1152585
30.10.2020;1148725
29.10.2020;1149043
28.10.2020;1146813
27.10.2020;1141334
26.10.2020;1128560
23.10.2020;1129030
22.10.2020;1131030
21.10.2020;1127470
20.10.2020;1123898
19.10.2020;1119923
16.10.2020;1119923
15.10.2020;1116042
14.10.2020;1107170
13.10.2020;1099630
12.10.2020;1099665
09.10.2020;1098459
08.10.2020;1098459
07.10.2020;1096559
06.10.2020;1097998
05.10.2020;1096224
02.10.2020;1096224
01.10.2020;1098464
29.09.2020;1099928
28.09.2020;1101886
25.09.2020;1102436
24.09.2020;1103566
23.09.2020;1104688
22.09.2020;1105788
21.09.2020;1108791
18.09.2020;1109341
17.09.2020;1116966
16.09.2020;1116966
15.09.2020;1116921
14.09.2020;1117471
11.09.2020;1117401
10.09.2020;1133161
09.09.2020;1152058
08.09.2020;1180139
04.09.2020;1180389
03.09.2020;1192429
02.09.2020;1210011
01.09.2020;1231742
31.08.2020;1233666
28.08.2020;1272404
27.08.2020;1287647
26.08.2020;1307150
25.08.2020;1307523
24.08.2020;1318444
21.08.2020;1337492
20.08.2020;1353450
19.08.2020;1354198
18.08.2020;1362762
17.08.2020;1368340
14.08.2020;1389892
13.08.2020;1391755
12.08.2020;1412509
11.08.2020;1417060
10.08.2020;1437205
07.08.2020;1467801
06.08.2020;1502242
05.08.2020;1523039
04.08.2020;1537642
31.07.2020;1594629
30.07.2020;1594963
29.07.2020;1598138
28.07.2020;1597688
27.07.2020;1597752
24.07.2020;1597752
23.07.2020;1597932
22.07.2020;1597932
21.07.2020;1598207
20.07.2020;1594082
17.07.2020;1598597
16.07.2020;1615196
15.07.2020;1623408
14.07.2020;1621333
13.07.2020;1621333
10.07.2020;1620980
09.07.2020;1637298
08.07.2020;1635523
07.07.2020;1652102
06.07.2020;1652064
02.07.2020;1656047
01.07.2020;1653782
30.06.2020;1652630
29.06.2020;1653238
26.06.2020;1662571
25.06.2020;1663243
23.06.2020;1670081
22.06.2020;1667019
19.06.2020;1663586
18.06.2020;1661336
17.06.2020;1668120
16.06.2020;1670504
15.06.2020;1667630
12.06.2020;1673403
11.06.2020;1682084
10.06.2020;1697037
09.06.2020;1733968
08.06.2020;1740933
05.06.2020;1744586
04.06.2020;1745411
03.06.2020;1745659
02.06.2020;1759806
01.06.2020;1759966
29.05.2020;1760608
28.05.2020;1774243
27.05.2020;1778195
26.05.2020;1786326
22.05.2020;1790305
21.05.2020;1790305
20.05.2020;1790573
19.05.2020;1793953
18.05.2020;1791476
15.05.2020;1789541
14.05.2020;1790136
13.05.2020;1790136
12.05.2020;1801768
11.05.2020;1804532
08.05.2020;1807566
07.05.2020;1803296
06.05.2020;1804141
05.05.2020;1806789
04.05.2020;1818813
01.05.2020;1819813
30.04.2020;1820363
29.04.2020;1846989
28.04.2020;1849597
27.04.2020;1848347
24.04.2020;1848196
23.04.2020;1864312
22.04.2020;1864372
21.04.2020;1878032
20.04.2020;1886335
17.04.2020;1878805
16.04.2020;1866211
15.04.2020;1866211
14.04.2020;1901183
13.04.2020;1903323
10.04.2020;1905073
09.04.2020;1905211
08.04.2020;1946688
07.04.2020;1951000
06.04.2020;1956867
03.04.2020;1947460
02.04.2020;1947460
01.04.2020;1947735
31.03.2020;1979740
30.03.2020;1985090
27.03.2020;2007861
26.03.2020;2016557
25.03.2020;2027908
24.03.2020;2030860
23.03.2020;2038903
20.03.2020;2057878
19.03.2020;2075942
18.03.2020;2082288
17.03.2020;2081173
16.03.2020;2095906
13.03.2020;2098084
12.03.2020;2098932
11.03.2020;2103332
10.03.2020;2111307
09.03.2020;2111582
06.03.2020;2112572
05.03.2020;2112741
04.03.2020;2119664
03.03.2020;2127733
02.03.2020;2136949
28.02.2020;2139149
27.02.2020;2140415
26.02.2020;2140640
25.02.2020;2156874
24.02.2020;2164433
21.02.2020;2162327
20.02.2020;2161381
19.02.2020;2161381
18.02.2020;2161463
17.02.2020;2162059
14.02.2020;2163109
13.02.2020;2161277
12.02.2020;2165004
11.02.2020;2167428
10.02.2020;2166601
07.02.2020;2164799
06.02.2020;2166185
05.02.2020;2166495
04.02.2020;2165770
03.02.2020;2175701
31.01.2020;2176284
30.01.2020;2179162
29.01.2020;2170666
28.01.2020;2166296
27.01.2020;2160846
24.01.2020;2156139
23.01.2020;2145447
22.01.2020;2143033
21.01.2020;2132428
20.01.2020;2122180
17.01.2020;2115340
16.01.2020;2102128
15.01.2020;2090148
14.01.2020;2078645
13.01.2020;2068299
10.01.2020;2065315
09.01.2020;2061311
08.01.2020;2046075
07.01.2020;2041488
06.01.2020;2028332
03.01.2020;2030612
02.01.2020;2032149
31.12.2019;2032149
30.12.2019;2031274
27.12.2019;2031274
26.12.2019;2030329
24.12.2019;2030329
23.12.2019;2028337
20.12.2019;2027157
19.12.2019;2024250
18.12.2019;2027917
17.12.2019;2027042
16.12.2019;2021577
13.12.2019;2031581
12.12.2019;2036872
11.12.2019;2032414
10.12.2019;2062187
09.12.2019;2060819
06.12.2019;2065763
05.12.2019;2063602
04.12.2019;2060041
03.12.2019;2056348
02.12.2019;2081728
29.11.2019;2119863
27.11.2019;2146435
26.11.2019;2148922
25.11.2019;2146612
22.11.2019;2144729
21.11.2019;2150282
20.11.2019;2149219
19.11.2019;2160417
18.11.2019;2180365
15.11.2019;2182570
14.11.2019;2193479
13.11.2019;2195244
12.11.2019;2207507
11.11.2019;2224799
08.11.2019;2224337
07.11.2019;2227087
06.11.2019;2227087
05.11.2019;2229257
04.11.2019;2235507
01.11.2019;2234502
31.10.2019;2241857
30.10.2019;2240957
29.10.2019;2240029
28.10.2019;2239849
25.10.2019;2238192
24.10.2019;2238068
23.10.2019;2262597
22.10.2019;2259834
21.10.2019;2259671
18.10.2019;2256158
17.10.2019;2250845
16.10.2019;2245415
15.10.2019;2240112
14.10.2019;2237470
11.10.2019;2237904
10.10.2019;2235453
09.10.2019;2245457
08.10.2019;2248853
07.10.2019;2260270
04.10.2019;2266108
03.10.2019;2263587
02.10.2019;2267694
01.10.2019;2272160
30.09.2019;2277783
27.09.2019;2277278
26.09.2019;2283842
25.09.2019;2296252
24.09.2019;2311905
23.09.2019;2315511
20.09.2019;2313648
19.09.2019;2315599
18.09.2019;2312845
17.09.2019;2310673
16.09.2019;2312923
13.09.2019;2315713
12.09.2019;2316538
11.09.2019;2324567
10.09.2019;2326543
09.09.2019;2332282
06.09.2019;2327093
05.09.2019;2334665
04.09.2019;2329092
03.09.2019;2329092
30.08.2019;2332924
29.08.2019;2347599
28.08.2019;2349249
27.08.2019;2354100
26.08.2019;2360357
23.08.2019;2360607
22.08.2019;2363848
21.08.2019;2363848
20.08.2019;2363532
19.08.2019;2363532
16.08.2019;2365874
15.08.2019;2366091
14.08.2019;2363949
13.08.2019;2365480
12.08.2019;2362191
09.08.2019;2362191
08.08.2019;2357338
07.08.2019;2357463
06.08.2019;2352833
05.08.2019;2353833
02.08.2019;2355609
01.08.2019;2355884
31.07.2019;2355884
30.07.2019;2362190
29.07.2019;2365186
26.07.2019;2368303
25.07.2019;2365733
24.07.2019;2365994
23.07.2019;2362865
22.07.2019;2362865
19.07.2019;2363115
18.07.2019;2363140
17.07.2019;2363965
16.07.2019;2364214
15.07.2019;2367248
12.07.2019;2367388
11.07.2019;2367916
09.07.2019;2370201
08.07.2019;2363450
05.07.2019;2372841
03.07.2019;2373661
02.07.2019;2370208
01.07.2019;2370458
28.06.2019;2370625
27.06.2019;2379349
26.06.2019;2381165
25.06.2019;2387415
24.06.2019;2387820
21.06.2019;2377107
20.06.2019;2381107
19.06.2019;2381455
18.06.2019;2381409
17.06.2019;2381409
14.06.2019;2383159
13.06.2019;2383848
12.06.2019;2383333
11.06.2019;2383333
10.06.2019;2383358
07.06.2019;2384718
06.06.2019;2388658
05.06.2019;2389015
04.06.2019;2390727
03.06.2019;2392620
31.05.2019;2393145
30.05.2019;2399659
29.05.2019;2404134
28.05.2019;2407225
24.05.2019;2407962
23.05.2019;2429567
22.05.2019;2430572
21.05.2019;2437372
20.05.2019;2438332
17.05.2019;2434832
16.05.2019;2435657
15.05.2019;2435682
14.05.2019;2435682
13.05.2019;2435957
10.05.2019;2435957
09.05.2019;2435767
08.05.2019;2438842
07.05.2019;2438992
06.05.2019;2438992
03.05.2019;2440694
02.05.2019;2443473
01.05.2019;2440438
30.04.2019;2438728
29.04.2019;2450142
26.04.2019;2466438
25.04.2019;2468035
24.04.2019;2469612
23.04.2019;2483207
22.04.2019;2483207
18.04.2019;2478758
17.04.2019;2479336
16.04.2019;2479976
15.04.2019;2479976
12.04.2019;2480309
11.04.2019;2483254
10.04.2019;2485169
09.04.2019;2491636
08.04.2019;2493082
05.04.2019;2493082
04.04.2019;2492800
03.04.2019;2493453
02.04.2019;2493453
01.04.2019;2494003
29.03.2019;2490352
28.03.2019;2492889
27.03.2019;2493479
26.03.2019;2497827
25.03.2019;2503036
22.03.2019;2503286
21.03.2019;2497514
20.03.2019;2497239
19.03.2019;2500105
18.03.2019;2497507
15.03.2019;2498186
14.03.2019;2496428
13.03.2019;2495383
12.03.2019;2491533
11.03.2019;2491683
08.03.2019;2491683
07.03.2019;2488614
06.03.2019;2484615
05.03.2019;2480690
04.03.2019;2478495
01.03.2019;2478770
28.02.2019;2477001
27.02.2019;2477001
26.02.2019;2483020
25.02.2019;2480693
22.02.2019;2481719
21.02.2019;2487102
20.02.2019;2487102
19.02.2019;2481862
18.02.2019;2482112
15.02.2019;2477441
14.02.2019;2480090
13.02.2019;2478855
12.02.2019;2485713
11.02.2019;2480858
08.02.2019;2479633
07.02.2019;2478233
06.02.2019;2479813
05.02.2019;2476953
04.02.2019;2477778
01.02.2019;2485252
31.01.2019;2484142
30.01.2019;2481882
29.01.2019;2480211
28.01.2019;2482854
25.01.2019;2480804
24.01.2019;2481019
23.01.2019;2488853
22.01.2019;2484313
21.01.2019;2476755
18.01.2019;2476755
17.01.2019;2473837
16.01.2019;2472105
15.01.2019;2474186
14.01.2019;2474534
11.01.2019;2470146
10.01.2019;2465531
09.01.2019;2463070
08.01.2019;2457730
07.01.2019;2452531
04.01.2019;2451431
03.01.2019;2456913
02.01.2019;2458882
31.12.2018;2461882
28.12.2018;2461114
27.12.2018;2461889
26.12.2018;2460669
24.12.2018;2461219
21.12.2018;2460079
20.12.2018;2462778
19.12.2018;2458323
18.12.2018;2457743
17.12.2018;2454341
14.12.2018;2451071
13.12.2018;2448662
12.12.2018;2447746
11.12.2018;2446331
10.12.2018;2455080
07.12.2018;2453940
06.12.2018;2452941
05.12.2018;2454856
04.12.2018;2455131
03.12.2018;2450456
30.11.2018;2448776
29.11.2018;2450095
28.11.2018;2450375
27.11.2018;2455078
26.11.2018;2454598
23.11.2018;2455443
21.11.2018;2455443
20.11.2018;2456519
19.11.2018;2458834
16.11.2018;2459349
15.11.2018;2459351
14.11.2018;2458286
13.11.2018;2458286
12.11.2018;2456356
09.11.2018;2456956
08.11.2018;2452339
07.11.2018;2446809
06.11.2018;2445717
05.11.2018;2447302
02.11.2018;2447302
01.11.2018;2444217
31.10.2018;2440352
30.10.2018;2448491
29.10.2018;2445133
26.10.2018;2440664
25.10.2018;2438078
24.10.2018;2435448
23.10.2018;2432320
22.10.2018;2430050
19.10.2018;2426508
18.10.2018;2424343
17.10.2018;2425284
16.10.2018;2423004
15.10.2018;2423724
12.10.2018;2424249
11.10.2018;2420604
10.10.2018;2414121
09.10.2018;2413276
08.10.2018;2410406
05.10.2018;2412036
04.10.2018;2405510
03.10.2018;2402735
02.10.2018;2392120
01.10.2018;2383447
28.09.2018;2377869
27.09.2018;2372951
26.09.2018;2378094
25.09.2018;2375442
24.09.2018;2370289
21.09.2018;2363383
20.09.2018;2352145
19.09.2018;2341231
18.09.2018;2328404
17.09.2018;2319821
14.09.2018;2307850
13.09.2018;2298706
12.09.2018;2287316
11.09.2018;2275034
10.09.2018;2263789
07.09.2018;2250153
06.09.2018;2241960
05.09.2018;2236876
04.09.2018;2223426
31.08.2018;2212789
30.08.2018;2203744
29.08.2018;2205398
28.08.2018;2197799
27.08.2018;2195449
24.08.2018;2167785
23.08.2018;2162825
22.08.2018;2152195
21.08.2018;2142210
20.08.2018;2137795
17.08.2018;2128150
16.08.2018;2115055
15.08.2018;2103855
14.08.2018;2093146
13.08.2018;2085756
10.08.2018;2079541
09.08.2018;2074441
08.08.2018;2071961
07.08.2018;2062081
06.08.2018;2058961
03.08.2018;2057136
02.08.2018;2060396
01.08.2018;2057691
31.07.2018;2057796
30.07.2018;2055836
27.07.2018;2051232
26.07.2018;2053489
25.07.2018;2059389
24.07.2018;2058327
23.07.2018;2059164
20.07.2018;2058044
19.07.2018;2056209
18.07.2018;2055685
17.07.2018;2050801
16.07.2018;2047453
13.07.2018;2046882
12.07.2018;2050987
11.07.2018;2049857
10.07.2018;2045307
09.07.2018;2045807
06.07.2018;2044624
05.07.2018;2062981
03.07.2018;2064501
02.07.2018;2061136
29.06.2018;2057036
28.06.2018;2054290
27.06.2018;2060402
26.06.2018;2057400
25.06.2018;2054255
22.06.2018;2054432
21.06.2018;2054432
20.06.2018;2054114
19.06.2018;2058261
18.06.2018;2052270
15.06.2018;2047779
14.06.2018;2045074
13.06.2018;2046579
12.06.2018;2043603
11.06.2018;2038150
08.06.2018;2033093
07.06.2018;2033933
06.06.2018;2029648
05.06.2018;2023681
04.06.2018;2023681
01.06.2018;2018951
31.05.2018;2019146
30.05.2018;2015718
29.05.2018;2012539
25.05.2018;2013571
24.05.2018;2010686
23.05.2018;2010961
22.05.2018;2015278
21.05.2018;2015278
18.05.2018;2015278
17.05.2018;2010410
16.05.2018;1990893
15.05.2018;1995518
14.05.2018;1998890
11.05.2018;1999165
10.05.2018;1994265
09.05.2018;1994540
08.05.2018;1992686
07.05.2018;1990464
04.05.2018;1986339
03.05.2018;1998337
02.05.2018;1995817
01.05.2018;1992112
30.04.2018;1991018
27.04.2018;1991543
26.04.2018;1991190
25.04.2018;1987914
24.04.2018;1982340
23.04.2018;1990502
20.04.2018;1979472
19.04.2018;1972192
18.04.2018;1965214
17.04.2018;1959624
16.04.2018;1954482
13.04.2018;1956131
12.04.2018;1956756
11.04.2018;1953970
10.04.2018;1954505
09.04.2018;1950758
06.04.2018;1949641
05.04.2018;1948766
04.04.2018;1945462
03.04.2018;1944009
02.04.2018;1947184
30.03.2018;1947742
29.03.2018;1947767
28.03.2018;1947935
27.03.2018;1943236
26.03.2018;1940567
23.03.2018;1936267
22.03.2018;1933162
21.03.2018;1933162
20.03.2018;1933937
19.03.2018;1929452
16.03.2018;1927447
15.03.2018;1927447
14.03.2018;1924306
13.03.2018;1918887
12.03.2018;1912687
09.03.2018;1908938
08.03.2018;1903383
07.03.2018;1904388
06.03.2018;1901888
05.03.2018;1892773
02.03.2018;1894183
01.03.2018;1895304
28.02.2018;1895739
27.02.2018;1896639
26.02.2018;1892259
23.02.2018;1890548
22.02.2018;1892361
21.02.2018;1898336
20.02.2018;1901180
19.02.2018;1905281
16.02.2018;1896354
15.02.2018;1902602
14.02.2018;1903121
13.02.2018;1913312
12.02.2018;1917677
09.02.2018;1917962
08.02.2018;1919136
07.02.2018;1923881
06.02.2018;1935716
05.02.2018;1943409
02.02.2018;1953220
01.02.2018;1964470
31.01.2018;1970042
30.01.2018;1965325
29.01.2018;1967165
26.01.2018;1979375
25.01.2018;1981606
24.01.2018;1988608
23.01.2018;2003899
22.01.2018;2014911
19.01.2018;2017306
18.01.2018;2012166
17.01.2018;2006845
16.01.2018;2006697
15.01.2018;2005012
12.01.2018;2005320
11.01.2018;2005570
10.01.2018;1998544
09.01.2018;1997094
08.01.2018;1992070
05.01.2018;1987795
04.01.2018;1982905
03.01.2018;1979380
02.01.2018;1984499
29.12.2017;1973669
28.12.2017;1972330
27.12.2017;1967984
26.12.2017;1965815
22.12.2017;1965815
21.12.2017;1962776
20.12.2017;1959251
19.12.2017;1956181
18.12.2017;1951553
15.12.2017;1951803
14.12.2017;1949043
13.12.2017;1948467
12.12.2017;1943717
11.12.2017;1938446
08.12.2017;1937643
07.12.2017;1937643
06.12.2017;1932418
05.12.2017;1929973
04.12.2017;1927349
01.12.2017;1927016
30.11.2017;1921079
29.11.2017;1921346
28.11.2017;1922141
27.11.2017;1923476
24.11.2017;1922642
22.11.2017;1921642
21.11.2017;1921873
20.11.2017;1913042
17.11.2017;1910258
16.11.2017;1910258
15.11.2017;1908812
14.11.2017;1910342
13.11.2017;1910812
10.11.2017;1911954
09.11.2017;1911679
08.11.2017;1910404
07.11.2017;1905256
06.11.2017;1924959
03.11.2017;1926350
02.11.2017;1915490
01.11.2017;1910877
31.10.2017;1911740
30.10.2017;1911424
27.10.2017;1907428
26.10.2017;1902939
25.10.2017;1898329
24.10.2017;1893444
23.10.2017;1890617
20.10.2017;1874664
19.10.2017;1866685
18.10.2017;1863756
17.10.2017;1858390
16.10.2017;1856465
13.10.2017;1850909
11.10.2017;1845505
10.10.2017;1842615
09.10.2017;1846581
06.10.2017;1841876
05.10.2017;1841546
04.10.2017;1829338
03.10.2017;1820201
02.10.2017;1809401
29.09.2017;1805686
28.09.2017;1806221
27.09.2017;1805417
26.09.2017;1810015
25.09.2017;1805850
22.09.2017;1812803
21.09.2017;1810295
20.09.2017;1810345
19.09.2017;1808421
18.09.2017;1793207
15.09.2017;1788862
14.09.2017;1783147
13.09.2017;1777581
12.09.2017;1774519
11.09.2017;1755698
08.09.2017;1751750
07.09.2017;1748725
06.09.2017;1732461
05.09.2017;1724203
01.09.2017;1715082
31.08.2017;1707898
30.08.2017;1692770
29.08.2017;1676058
28.08.2017;1665759
25.08.2017;1658541
24.08.2017;1657754
23.08.2017;1652122
22.08.2017;1639977
21.08.2017;1634124
18.08.2017;1623723
17.08.2017;1614066
16.08.2017;1599942
15.08.2017;1593037
14.08.2017;1584445
11.08.2017;1585419
10.08.2017;1574969
09.08.2017;1571119
08.08.2017;1564945
07.08.2017;1563528
04.08.2017;1563803
03.08.2017;1558543
02.08.2017;1556892
01.08.2017;1553907
31.07.2017;1548439
28.07.2017;1544497
27.07.2017;1546701
26.07.2017;1543644
25.07.2017;1542629
24.07.2017;1539911
21.07.2017;1541750
20.07.2017;1542025
19.07.2017;1542475
18.07.2017;1542475
17.07.2017;1546139
14.07.2017;1549041
13.07.2017;1543183
12.07.2017;1542380
11.07.2017;1540499
10.07.2017;1535456
07.07.2017;1530706
06.07.2017;1523758
05.07.2017;1517763
03.07.2017;1513782
30.06.2017;1515282
29.06.2017;1508677
28.06.2017;1506047
27.06.2017;1510403
26.06.2017;1509158
23.06.2017;1509903
22.06.2017;1513013
21.06.2017;1515258
20.06.2017;1514522
19.06.2017;1512294
16.06.2017;1517088
15.06.2017;1514329
14.06.2017;1512623
13.06.2017;1517323
12.06.2017;1511228
09.06.2017;1509830
08.06.2017;1505491
07.06.2017;1497915
06.06.2017;1495288
05.06.2017;1489377
02.06.2017;1485138
01.06.2017;1476717
31.05.2017;1474778
30.05.2017;1472176
26.05.2017;1469775
25.05.2017;1462252
24.05.2017;1458091
23.05.2017;1455350
22.05.2017;1447885
19.05.2017;1449055
18.05.2017;1444314
17.05.2017;1443191
16.05.2017;1437729
15.05.2017;1432431
12.05.2017;1430630
11.05.2017;1427110
10.05.2017;1420061
09.05.2017;1414101
08.05.2017;1413116
05.05.2017;1413116
04.05.2017;1411381
03.05.2017;1411938
02.05.2017;1410978
01.05.2017;1410133
28.04.2017;1408158
27.04.2017;1408090
26.04.2017;1408331
25.04.2017;1410688
24.04.2017;1409693
21.04.2017;1407878
20.04.2017;1405028
19.04.2017;1408018
18.04.2017;1411182
17.04.2017;1404031
14.04.2017;1400435
13.04.2017;1399461
12.04.2017;1395637
11.04.2017;1387072
10.04.2017;1380265
07.04.2017;1374482
06.04.2017;1372217
05.04.2017;1367569
04.04.2017;1364179
03.04.2017;1364014
31.03.2017;1361597
30.03.2017;1352101
29.03.2017;1351047
28.03.2017;1345214
27.03.2017;1346198
24.03.2017;1350211
23.03.2017;1345841
22.03.2017;1341308
21.03.2017;1341948
20.03.2017;1342232
17.03.2017;1341092
16.03.2017;1338759
15.03.2017;1332561
14.03.2017;1339711
13.03.2017;1340044
10.03.2017;1341074
09.03.2017;1338874
08.03.2017;1338966
07.03.2017;1342565
06.03.2017;1339834
03.03.2017;1340109
02.03.2017;1338469
01.03.2017;1332634
28.02.2017;1330969
27.02.2017;1328887
24.02.2017;1329914
23.02.2017;1334826
22.02.2017;1332864
21.02.2017;1326527
20.02.2017;1328434
17.02.2017;1321865
16.02.2017;1316148
15.02.2017;1317067
14.02.2017;1317067
13.02.2017;1310039
10.02.2017;1307969
09.02.2017;1311406
08.02.2017;1313307
07.02.2017;1308345
06.02.2017;1310870
03.02.2017;1304953
02.02.2017;1298550
01.02.2017;1295548
31.01.2017;1297522
30.01.2017;1291366
27.01.2017;1288026
26.01.2017;1288675
25.01.2017;1290189
24.01.2017;1298678
23.01.2017;1296573
20.01.2017;1289877
19.01.2017;1288959
18.01.2017;1291063
17.01.2017;1292538
16.01.2017;1285285
13.01.2017;1279208
12.01.2017;1278389
11.01.2017;1273486
10.01.2017;1265565
09.01.2017;1262840
06.01.2017;1257811
05.01.2017;1252202
04.01.2017;1254689
03.01.2017;1249979
30.12.2016;1245379
29.12.2016;1247486
28.12.2016;1264892
27.12.2016;1263682
23.12.2016;1261362
22.12.2016;1262632
21.12.2016;1257767
20.12.2016;1254132
19.12.2016;1253736
16.12.2016;1253522
15.12.2016;1250012
14.12.2016;1248137
13.12.2016;1246742
12.12.2016;1254557
09.12.2016;1261639
08.12.2016;1264049
07.12.2016;1262724
06.12.2016;1259974
05.12.2016;1259753
02.12.2016;1259753
01.12.2016;1257108
30.11.2016;1257383
29.11.2016;1256154
28.11.2016;1256154
25.11.2016;1257686
23.11.2016;1259086
22.11.2016;1256611
21.11.2016;1256846
18.11.2016;1272225
17.11.2016;1273529
16.11.2016;1274194
15.11.2016;1272442
14.11.2016;1272258
11.11.2016;1272367
10.11.2016;1271115
09.11.2016;1271740
08.11.2016;1273740
07.11.2016;1271935
04.11.2016;1272310
03.11.2016;1272988
02.11.2016;1274363
01.11.2016;1272628
31.10.2016;1274978
28.10.2016;1276552
27.10.2016;1274887
26.10.2016;1275014
25.10.2016;1274471
24.10.2016;1275509
21.10.2016;1276912
20.10.2016;1275197
19.10.2016;1275051
18.10.2016;1274911
17.10.2016;1272451
14.10.2016;1267075
13.10.2016;1263829
12.10.2016;1259554
11.10.2016;1256280
10.10.2016;1256347
07.10.2016;1256347
06.10.2016;1256897
05.10.2016;1252617
04.10.2016;1258458
03.10.2016;1258758
30.09.2016;1258353
29.09.2016;1266201
28.09.2016;1266486
27.09.2016;1265143
26.09.2016;1265143
23.09.2016;1263245
22.09.2016;1263187
21.09.2016;1264645
20.09.2016;1264955
19.09.2016;1266663
16.09.2016;1271475
15.09.2016;1272025
14.09.2016;1270014
13.09.2016;1269342
12.09.2016;1269342
09.09.2016;1271092
08.09.2016;1272192
07.09.2016;1272008
06.09.2016;1273939
02.09.2016;1276364
01.09.2016;1280844
31.08.2016;1282594
30.08.2016;1283419
29.08.2016;1280579
26.08.2016;1283799
25.08.2016;1284864
24.08.2016;1284134
23.08.2016;1282914
22.08.2016;1284409
19.08.2016;1286655
18.08.2016;1286931
17.08.2016;1288627
16.08.2016;1289510
15.08.2016;1289645
12.08.2016;1283476
11.08.2016;1283976
10.08.2016;1288740
09.08.2016;1290829
08.08.2016;1291130
05.08.2016;1291286
04.08.2016;1292031
03.08.2016;1294415
02.08.2016;1293110
01.08.2016;1292468
29.07.2016;1289540
28.07.2016;1292999
27.07.2016;1295474
26.07.2016;1302563
25.07.2016;1300350
22.07.2016;1298086
21.07.2016;1298636
20.07.2016;1290593
19.07.2016;1298370
18.07.2016;1299745
15.07.2016;1300670
14.07.2016;1297202
13.07.2016;1296127
12.07.2016;1297892
11.07.2016;1297892
08.07.2016;1297352
07.07.2016;1296917
06.07.2016;1301431
05.07.2016;1304181
01.07.2016;1304181
30.06.2016;1305756
29.06.2016;1309963
28.06.2016;1310813
27.06.2016;1312485
24.06.2016;1314135
23.06.2016;1314585
22.06.2016;1318768
21.06.2016;1320068
20.06.2016;1323151
17.06.2016;1321232
16.06.2016;1317657
15.06.2016;1317657
14.06.2016;1315017
13.06.2016;1312202
10.06.2016;1312310
09.06.2016;1309090
08.06.2016;1309190
07.06.2016;1307808
06.06.2016;1304508
03.06.2016;1316109
02.06.2016;1313669
01.06.2016;1311998
31.05.2016;1312599
27.05.2016;1354059
26.05.2016;1351384
25.05.2016;1352304
24.05.2016;1355237
23.05.2016;1356748
20.05.2016;1357791
19.05.2016;1361343
18.05.2016;1366987
17.05.2016;1369304
16.05.2016;1369854
13.05.2016;1369877
12.05.2016;1371287
11.05.2016;1373444
10.05.2016;1371464
09.05.2016;1372322
06.05.2016;1377074
05.05.2016;1377193
04.05.2016;1378313
03.05.2016;1378815
02.05.2016;1379177
29.04.2016;1381386
28.04.2016;1386066
27.04.2016;1389091
26.04.2016;1394566
25.04.2016;1397705
22.04.2016;1397910
21.04.2016;1401270
20.04.2016;1403200
19.04.2016;1403384
18.04.2016;1407667
15.04.2016;1408307
14.04.2016;1411684
13.04.2016;1412446
12.04.2016;1412351
11.04.2016;1413774
08.04.2016;1416864
07.04.2016;1417257
06.04.2016;1416212
05.04.2016;1414117
04.04.2016;1419366
01.04.2016;1420499
31.03.2016;1430806
30.03.2016;1431211
29.03.2016;1428449
28.03.2016;1430048
25.03.2016;1429023
24.03.2016;1429298
23.03.2016;1429316
22.03.2016;1434541
21.03.2016;1441223
18.03.2016;1440001
17.03.2016;1445818
16.03.2016;1454683
15.03.2016;1454796
14.03.2016;1462429
11.03.2016;1471736
10.03.2016;1491864
09.03.2016;1517709
08.03.2016;1518779
07.03.2016;1521103
04.03.2016;1522006
03.03.2016;1526101
02.03.2016;1533661
01.03.2016;1539716
29.02.2016;1546141
26.02.2016;1554263
25.02.2016;1554764
24.02.2016;1555039
23.02.2016;1560901
22.02.2016;1561234
19.02.2016;1564154
18.02.2016;1565228
17.02.2016;1565228
16.02.2016;1568394
15.02.2016;1568944
12.02.2016;1568944
11.02.2016;1571106
10.02.2016;1585753
09.02.2016;1591658
08.02.2016;1589718
05.02.2016;1588777
04.02.2016;1591604
03.02.2016;1590545
02.02.2016;1603707
01.02.2016;1602346
29.01.2016;1607584
28.01.2016;1609849
27.01.2016;1611074
26.01.2016;1615027
25.01.2016;1624236
22.01.2016;1624203
21.01.2016;1635139
20.01.2016;1661779
19.01.2016;1678760
18.01.2016;1687065
15.01.2016;1685751
14.01.2016;1683906
13.01.2016;1683412
12.01.2016;1702139
11.01.2016;1710579
08.01.2016;1708064
07.01.2016;1706339
06.01.2016;1707072
05.01.2016;1722419
04.01.2016;1730059
