date,COT_Net_Spec
2015-01-06,31014.0
2015-01-07,31014.0
2015-01-08,31014.0
2015-01-09,31014.0
2015-01-10,31014.0
2015-01-11,31014.0
2015-01-12,31014.0
2015-01-13,37939.0
2015-01-14,37939.0
2015-01-15,37939.0
2015-01-16,37939.0
2015-01-17,37939.0
2015-01-18,37939.0
2015-01-19,37939.0
2015-01-20,34694.0
2015-01-21,34694.0
2015-01-22,34694.0
2015-01-23,34694.0
2015-01-24,34694.0
2015-01-25,34694.0
2015-01-26,34694.0
2015-01-27,28817.0
2015-01-28,28817.0
2015-01-29,28817.0
2015-01-30,28817.0
2015-01-31,28817.0
2015-02-01,28817.0
2015-02-02,28817.0
2015-02-03,25914.0
2015-02-04,25914.0
2015-02-05,25914.0
2015-02-06,25914.0
2015-02-07,25914.0
2015-02-08,25914.0
2015-02-09,25914.0
2015-02-10,27151.0
2015-02-11,27151.0
2015-02-12,27151.0
2015-02-13,27151.0
2015-02-14,27151.0
2015-02-15,27151.0
2015-02-16,27151.0
2015-02-17,21487.0
2015-02-18,21487.0
2015-02-19,21487.0
2015-02-20,21487.0
2015-02-21,21487.0
2015-02-22,21487.0
2015-02-23,21487.0
2015-02-24,13381.0
2015-02-25,13381.0
2015-02-26,13381.0
2015-02-27,13381.0
2015-02-28,13381.0
2015-03-01,13381.0
2015-03-02,13381.0
2015-03-03,4083.0
2015-03-04,4083.0
2015-03-05,4083.0
2015-03-06,4083.0
2015-03-07,4083.0
2015-03-08,4083.0
2015-03-09,4083.0
2015-03-10,1555.0
2015-03-11,1555.0
2015-03-12,1555.0
2015-03-13,1555.0
2015-03-14,1555.0
2015-03-15,1555.0
2015-03-16,1555.0
2015-03-17,284.0
2015-03-18,284.0
2015-03-19,284.0
2015-03-20,284.0
2015-03-21,284.0
2015-03-22,284.0
2015-03-23,284.0
2015-03-24,-2195.0
2015-03-25,-2195.0
2015-03-26,-2195.0
2015-03-27,-2195.0
2015-03-28,-2195.0
2015-03-29,-2195.0
2015-03-30,-2195.0
2015-03-31,-2893.0
2015-04-01,-2893.0
2015-04-02,-2893.0
2015-04-03,-2893.0
2015-04-04,-2893.0
2015-04-05,-2893.0
2015-04-06,-2893.0
2015-04-07,1440.0
2015-04-08,1440.0
2015-04-09,1440.0
2015-04-10,1440.0
2015-04-11,1440.0
2015-04-12,1440.0
2015-04-13,1440.0
2015-04-14,-5339.0
2015-04-15,-5339.0
2015-04-16,-5339.0
2015-04-17,-5339.0
2015-04-18,-5339.0
2015-04-19,-5339.0
2015-04-20,-5339.0
2015-04-21,-962.0
2015-04-22,-962.0
2015-04-23,-962.0
2015-04-24,-962.0
2015-04-25,-962.0
2015-04-26,-962.0
2015-04-27,-962.0
2015-04-28,-1362.0
2015-04-29,-1362.0
2015-04-30,-1362.0
2015-05-01,-1362.0
2015-05-02,-1362.0
2015-05-03,-1362.0
2015-05-04,-1362.0
2015-05-05,-3563.0
2015-05-06,-3563.0
2015-05-07,-3563.0
2015-05-08,-3563.0
2015-05-09,-3563.0
2015-05-10,-3563.0
2015-05-11,-3563.0
2015-05-12,-5243.0
2015-05-13,-5243.0
2015-05-14,-5243.0
2015-05-15,-5243.0
2015-05-16,-5243.0
2015-05-17,-5243.0
2015-05-18,-5243.0
2015-05-19,903.0
2015-05-20,903.0
2015-05-21,903.0
2015-05-22,903.0
2015-05-23,903.0
2015-05-24,903.0
2015-05-25,903.0
2015-05-26,-12814.0
2015-05-27,-12814.0
2015-05-28,-12814.0
2015-05-29,-12814.0
2015-05-30,-12814.0
2015-05-31,-12814.0
2015-06-01,-12814.0
2015-06-02,-10730.0
2015-06-03,-10730.0
2015-06-04,-10730.0
2015-06-05,-10730.0
2015-06-06,-10730.0
2015-06-07,-10730.0
2015-06-08,-10730.0
2015-06-09,-452.0
2015-06-10,-452.0
2015-06-11,-452.0
2015-06-12,-452.0
2015-06-13,-452.0
2015-06-14,-452.0
2015-06-15,-452.0
2015-06-16,-4361.0
2015-06-17,-4361.0
2015-06-18,-4361.0
2015-06-19,-4361.0
2015-06-20,-4361.0
2015-06-21,-4361.0
2015-06-22,-4361.0
2015-06-23,-8409.0
2015-06-24,-8409.0
2015-06-25,-8409.0
2015-06-26,-8409.0
2015-06-27,-8409.0
2015-06-28,-8409.0
2015-06-29,-8409.0
2015-06-30,-6277.0
2015-07-01,-6277.0
2015-07-02,-6277.0
2015-07-03,-6277.0
2015-07-04,-6277.0
2015-07-05,-6277.0
2015-07-06,-6277.0
2015-07-07,-16914.0
2015-07-08,-16914.0
2015-07-09,-16914.0
2015-07-10,-16914.0
2015-07-11,-16914.0
2015-07-12,-16914.0
2015-07-13,-16914.0
2015-07-14,-13957.0
2015-07-15,-13957.0
2015-07-16,-13957.0
2015-07-17,-13957.0
2015-07-18,-13957.0
2015-07-19,-13957.0
2015-07-20,-13957.0
2015-07-21,-13790.0
2015-07-22,-13790.0
2015-07-23,-13790.0
2015-07-24,-13790.0
2015-07-25,-13790.0
2015-07-26,-13790.0
2015-07-27,-13790.0
2015-07-28,-19302.0
2015-07-29,-19302.0
2015-07-30,-19302.0
2015-07-31,-19302.0
2015-08-01,-19302.0
2015-08-02,-19302.0
2015-08-03,-19302.0
2015-08-04,-15152.0
2015-08-05,-15152.0
2015-08-06,-15152.0
2015-08-07,-15152.0
2015-08-08,-15152.0
2015-08-09,-15152.0
2015-08-10,-15152.0
2015-08-11,-3685.0
2015-08-12,-3685.0
2015-08-13,-3685.0
2015-08-14,-3685.0
2015-08-15,-3685.0
2015-08-16,-3685.0
2015-08-17,-3685.0
2015-08-18,6076.0
2015-08-19,6076.0
2015-08-20,6076.0
2015-08-21,6076.0
2015-08-22,6076.0
2015-08-23,6076.0
2015-08-24,6076.0
2015-08-25,-12778.0
2015-08-26,-12778.0
2015-08-27,-12778.0
2015-08-28,-12778.0
2015-08-29,-12778.0
2015-08-30,-12778.0
2015-08-31,-12778.0
2015-09-01,-17007.0
2015-09-02,-17007.0
2015-09-03,-17007.0
2015-09-04,-17007.0
2015-09-05,-17007.0
2015-09-06,-17007.0
2015-09-07,-17007.0
2015-09-08,-20301.0
2015-09-09,-20301.0
2015-09-10,-20301.0
2015-09-11,-20301.0
2015-09-12,-20301.0
2015-09-13,-20301.0
2015-09-14,-20301.0
2015-09-15,-23427.0
2015-09-16,-23427.0
2015-09-17,-23427.0
2015-09-18,-23427.0
2015-09-19,-23427.0
2015-09-20,-23427.0
2015-09-21,-23427.0
2015-09-22,-24775.0
2015-09-23,-24775.0
2015-09-24,-24775.0
2015-09-25,-24775.0
2015-09-26,-24775.0
2015-09-27,-24775.0
2015-09-28,-24775.0
2015-09-29,-21312.0
2015-09-30,-21312.0
2015-10-01,-21312.0
2015-10-02,-21312.0
2015-10-03,-21312.0
2015-10-04,-21312.0
2015-10-05,-21312.0
2015-10-06,-15177.0
2015-10-07,-15177.0
2015-10-08,-15177.0
2015-10-09,-15177.0
2015-10-10,-15177.0
2015-10-11,-15177.0
2015-10-12,-15177.0
2015-10-13,-5306.0
2015-10-14,-5306.0
2015-10-15,-5306.0
2015-10-16,-5306.0
2015-10-17,-5306.0
2015-10-18,-5306.0
2015-10-19,-5306.0
2015-10-20,-3532.0
2015-10-21,-3532.0
2015-10-22,-3532.0
2015-10-23,-3532.0
2015-10-24,-3532.0
2015-10-25,-3532.0
2015-10-26,-3532.0
2015-10-27,-12102.0
2015-10-28,-12102.0
2015-10-29,-12102.0
2015-10-30,-12102.0
2015-10-31,-12102.0
2015-11-01,-12102.0
2015-11-02,-12102.0
2015-11-03,-15657.0
2015-11-04,-15657.0
2015-11-05,-15657.0
2015-11-06,-15657.0
2015-11-07,-15657.0
2015-11-08,-15657.0
2015-11-09,-15657.0
2015-11-10,-19605.0
2015-11-11,-19605.0
2015-11-12,-19605.0
2015-11-13,-19605.0
2015-11-14,-19605.0
2015-11-15,-19605.0
2015-11-16,-19605.0
2015-11-17,-25508.0
2015-11-18,-25508.0
2015-11-19,-25508.0
2015-11-20,-25508.0
2015-11-21,-25508.0
2015-11-22,-25508.0
2015-11-23,-25508.0
2015-11-24,-17102.0
2015-11-25,-17102.0
2015-11-26,-17102.0
2015-11-27,-17102.0
2015-11-28,-17102.0
2015-11-29,-17102.0
2015-11-30,-17102.0
2015-12-01,-16148.0
2015-12-02,-16148.0
2015-12-03,-16148.0
2015-12-04,-16148.0
2015-12-05,-16148.0
2015-12-06,-16148.0
2015-12-07,-16148.0
2015-12-08,-4724.0
2015-12-09,-4724.0
2015-12-10,-4724.0
2015-12-11,-4724.0
2015-12-12,-4724.0
2015-12-13,-4724.0
2015-12-14,-4724.0
2015-12-15,-6245.0
2015-12-16,-6245.0
2015-12-17,-6245.0
2015-12-18,-6245.0
2015-12-19,-6245.0
2015-12-20,-6245.0
2015-12-21,-6245.0
2015-12-22,-11448.0
2015-12-23,-11448.0
2015-12-24,-11448.0
2015-12-25,-11448.0
2015-12-26,-11448.0
2015-12-27,-11448.0
2015-12-28,-11448.0
2015-12-29,-10478.0
2015-12-30,-10478.0
2015-12-31,-10478.0
2016-01-01,-10478.0
2016-01-02,-10478.0
2016-01-03,-10478.0
2016-01-04,-10478.0
2016-01-05,-3277.0
2016-01-06,-3277.0
2016-01-07,-3277.0
2016-01-08,-3277.0
2016-01-09,-3277.0
2016-01-10,-3277.0
2016-01-11,-3277.0
2016-01-12,-17000.0
2016-01-13,-17000.0
2016-01-14,-17000.0
2016-01-15,-17000.0
2016-01-16,-17000.0
2016-01-17,-17000.0
2016-01-18,-17000.0
2016-01-19,-20803.0
2016-01-20,-20803.0
2016-01-21,-20803.0
2016-01-22,-20803.0
2016-01-23,-20803.0
2016-01-24,-20803.0
2016-01-25,-20803.0
2016-01-26,-18682.0
2016-01-27,-18682.0
2016-01-28,-18682.0
2016-01-29,-18682.0
2016-01-30,-18682.0
2016-01-31,-18682.0
2016-02-01,-18682.0
2016-02-02,-8007.0
2016-02-03,-8007.0
2016-02-04,-8007.0
2016-02-05,-8007.0
2016-02-06,-8007.0
2016-02-07,-8007.0
2016-02-08,-8007.0
2016-02-09,-5528.0
2016-02-10,-5528.0
2016-02-11,-5528.0
2016-02-12,-5528.0
2016-02-13,-5528.0
2016-02-14,-5528.0
2016-02-15,-5528.0
2016-02-16,-10919.0
2016-02-17,-10919.0
2016-02-18,-10919.0
2016-02-19,-10919.0
2016-02-20,-10919.0
2016-02-21,-10919.0
2016-02-22,-10919.0
2016-02-23,-7271.0
2016-02-24,-7271.0
2016-02-25,-7271.0
2016-02-26,-7271.0
2016-02-27,-7271.0
2016-02-28,-7271.0
2016-02-29,-7271.0
2016-03-01,-17324.0
2016-03-02,-17324.0
2016-03-03,-17324.0
2016-03-04,-17324.0
2016-03-05,-17324.0
2016-03-06,-17324.0
2016-03-07,-17324.0
2016-03-08,-2970.0
2016-03-09,-2970.0
2016-03-10,-2970.0
2016-03-11,-2970.0
2016-03-12,-2970.0
2016-03-13,-2970.0
2016-03-14,-2970.0
2016-03-15,13442.0
2016-03-16,13442.0
2016-03-17,13442.0
2016-03-18,13442.0
2016-03-19,13442.0
2016-03-20,13442.0
2016-03-21,13442.0
2016-03-22,25894.0
2016-03-23,25894.0
2016-03-24,25894.0
2016-03-25,25894.0
2016-03-26,25894.0
2016-03-27,25894.0
2016-03-28,25894.0
2016-03-29,25803.0
2016-03-30,25803.0
2016-03-31,25803.0
2016-04-01,25803.0
2016-04-02,25803.0
2016-04-03,25803.0
2016-04-04,25803.0
2016-04-05,17322.0
2016-04-06,17322.0
2016-04-07,17322.0
2016-04-08,17322.0
2016-04-09,17322.0
2016-04-10,17322.0
2016-04-11,17322.0
2016-04-12,12972.0
2016-04-13,12972.0
2016-04-14,12972.0
2016-04-15,12972.0
2016-04-16,12972.0
2016-04-17,12972.0
2016-04-18,12972.0
2016-04-19,15769.0
2016-04-20,15769.0
2016-04-21,15769.0
2016-04-22,15769.0
2016-04-23,15769.0
2016-04-24,15769.0
2016-04-25,15769.0
2016-04-26,13284.0
2016-04-27,13284.0
2016-04-28,13284.0
2016-04-29,13284.0
2016-04-30,13284.0
2016-05-01,13284.0
2016-05-02,13284.0
2016-05-03,1729.0
2016-05-04,1729.0
2016-05-05,1729.0
2016-05-06,1729.0
2016-05-07,1729.0
2016-05-08,1729.0
2016-05-09,1729.0
2016-05-10,8910.0
2016-05-11,8910.0
2016-05-12,8910.0
2016-05-13,8910.0
2016-05-14,8910.0
2016-05-15,8910.0
2016-05-16,8910.0
2016-05-17,21296.0
2016-05-18,21296.0
2016-05-19,21296.0
2016-05-20,21296.0
2016-05-21,21296.0
2016-05-22,21296.0
2016-05-23,21296.0
2016-05-24,10222.0
2016-05-25,10222.0
2016-05-26,10222.0
2016-05-27,10222.0
2016-05-28,10222.0
2016-05-29,10222.0
2016-05-30,10222.0
2016-05-31,1238.0
2016-06-01,1238.0
2016-06-02,1238.0
2016-06-03,1238.0
2016-06-04,1238.0
2016-06-05,1238.0
2016-06-06,1238.0
2016-06-07,8540.0
2016-06-08,8540.0
2016-06-09,8540.0
2016-06-10,8540.0
2016-06-11,8540.0
2016-06-12,8540.0
2016-06-13,8540.0
2016-06-14,24864.0
2016-06-15,24864.0
2016-06-16,24864.0
2016-06-17,24864.0
2016-06-18,24864.0
2016-06-19,24864.0
2016-06-20,24864.0
2016-06-21,32381.0
2016-06-22,32381.0
2016-06-23,32381.0
2016-06-24,32381.0
2016-06-25,32381.0
2016-06-26,32381.0
2016-06-27,32381.0
2016-06-28,33795.0
2016-06-29,33795.0
2016-06-30,33795.0
2016-07-01,33795.0
2016-07-02,33795.0
2016-07-03,33795.0
2016-07-04,33795.0
2016-07-05,37630.0
2016-07-06,37630.0
2016-07-07,37630.0
2016-07-08,37630.0
2016-07-09,37630.0
2016-07-10,37630.0
2016-07-11,37630.0
2016-07-12,42409.0
2016-07-13,42409.0
2016-07-14,42409.0
2016-07-15,42409.0
2016-07-16,42409.0
2016-07-17,42409.0
2016-07-18,42409.0
2016-07-19,43103.0
2016-07-20,43103.0
2016-07-21,43103.0
2016-07-22,43103.0
2016-07-23,43103.0
2016-07-24,43103.0
2016-07-25,43103.0
2016-07-26,40899.0
2016-07-27,40899.0
2016-07-28,40899.0
2016-07-29,40899.0
2016-07-30,40899.0
2016-07-31,40899.0
2016-08-01,40899.0
2016-08-02,38582.0
2016-08-03,38582.0
2016-08-04,38582.0
2016-08-05,38582.0
2016-08-06,38582.0
2016-08-07,38582.0
2016-08-08,38582.0
2016-08-09,34865.0
2016-08-10,34865.0
2016-08-11,34865.0
2016-08-12,34865.0
2016-08-13,34865.0
2016-08-14,34865.0
2016-08-15,34865.0
2016-08-16,32902.0
2016-08-17,32902.0
2016-08-18,32902.0
2016-08-19,32902.0
2016-08-20,32902.0
2016-08-21,32902.0
2016-08-22,32902.0
2016-08-23,38294.0
2016-08-24,38294.0
2016-08-25,38294.0
2016-08-26,38294.0
2016-08-27,38294.0
2016-08-28,38294.0
2016-08-29,38294.0
2016-08-30,37952.0
2016-08-31,37952.0
2016-09-01,37952.0
2016-09-02,37952.0
2016-09-03,37952.0
2016-09-04,37952.0
2016-09-05,37952.0
2016-09-06,47200.0
2016-09-07,47200.0
2016-09-08,47200.0
2016-09-09,47200.0
2016-09-10,47200.0
2016-09-11,47200.0
2016-09-12,47200.0
2016-09-13,48044.0
2016-09-14,48044.0
2016-09-15,48044.0
2016-09-16,48044.0
2016-09-17,48044.0
2016-09-18,48044.0
2016-09-19,48044.0
2016-09-20,50179.0
2016-09-21,50179.0
2016-09-22,50179.0
2016-09-23,50179.0
2016-09-24,50179.0
2016-09-25,50179.0
2016-09-26,50179.0
2016-09-27,48251.0
2016-09-28,48251.0
2016-09-29,48251.0
2016-09-30,48251.0
2016-10-01,48251.0
2016-10-02,48251.0
2016-10-03,48251.0
2016-10-04,42595.0
2016-10-05,42595.0
2016-10-06,42595.0
2016-10-07,42595.0
2016-10-08,42595.0
2016-10-09,42595.0
2016-10-10,42595.0
2016-10-11,41597.0
2016-10-12,41597.0
2016-10-13,41597.0
2016-10-14,41597.0
2016-10-15,41597.0
2016-10-16,41597.0
2016-10-17,41597.0
2016-10-18,49548.0
2016-10-19,49548.0
2016-10-20,49548.0
2016-10-21,49548.0
2016-10-22,49548.0
2016-10-23,49548.0
2016-10-24,49548.0
2016-10-25,60923.0
2016-10-26,60923.0
2016-10-27,60923.0
2016-10-28,60923.0
2016-10-29,60923.0
2016-10-30,60923.0
2016-10-31,60923.0
2016-11-01,64405.0
2016-11-02,64405.0
2016-11-03,64405.0
2016-11-04,64405.0
2016-11-05,64405.0
2016-11-06,64405.0
2016-11-07,64405.0
2016-11-08,65103.0
2016-11-09,65103.0
2016-11-10,65103.0
2016-11-11,65103.0
2016-11-12,65103.0
2016-11-13,65103.0
2016-11-14,65103.0
2016-11-15,59299.0
2016-11-16,59299.0
2016-11-17,59299.0
2016-11-18,59299.0
2016-11-19,59299.0
2016-11-20,59299.0
2016-11-21,59299.0
2016-11-22,57144.0
2016-11-23,57144.0
2016-11-24,57144.0
2016-11-25,57144.0
2016-11-26,57144.0
2016-11-27,57144.0
2016-11-28,57144.0
2016-11-29,50622.0
2016-11-30,50622.0
2016-12-01,50622.0
2016-12-02,50622.0
2016-12-03,50622.0
2016-12-04,50622.0
2016-12-05,50622.0
2016-12-06,37302.0
2016-12-07,37302.0
2016-12-08,37302.0
2016-12-09,37302.0
2016-12-10,37302.0
2016-12-11,37302.0
2016-12-12,37302.0
2016-12-13,31026.0
2016-12-14,31026.0
2016-12-15,31026.0
2016-12-16,31026.0
2016-12-17,31026.0
2016-12-18,31026.0
2016-12-19,31026.0
2016-12-20,29194.0
2016-12-21,29194.0
2016-12-22,29194.0
2016-12-23,29194.0
2016-12-24,29194.0
2016-12-25,29194.0
2016-12-26,29194.0
2016-12-27,23484.0
2016-12-28,23484.0
2016-12-29,23484.0
2016-12-30,23484.0
2016-12-31,23484.0
2017-01-01,23484.0
2017-01-02,23484.0
2017-01-03,20437.0
2017-01-04,20437.0
2017-01-05,20437.0
2017-01-06,20437.0
2017-01-07,20437.0
2017-01-08,20437.0
2017-01-09,20437.0
2017-01-10,25205.0
2017-01-11,25205.0
2017-01-12,25205.0
2017-01-13,25205.0
2017-01-14,25205.0
2017-01-15,25205.0
2017-01-16,25205.0
2017-01-17,31196.0
2017-01-18,31196.0
2017-01-19,31196.0
2017-01-20,31196.0
2017-01-21,31196.0
2017-01-22,31196.0
2017-01-23,31196.0
2017-01-24,36245.0
2017-01-25,36245.0
2017-01-26,36245.0
2017-01-27,36245.0
2017-01-28,36245.0
2017-01-29,36245.0
2017-01-30,36245.0
2017-01-31,35781.0
2017-02-01,35781.0
2017-02-02,35781.0
2017-02-03,35781.0
2017-02-04,35781.0
2017-02-05,35781.0
2017-02-06,35781.0
2017-02-07,31213.0
2017-02-08,31213.0
2017-02-09,31213.0
2017-02-10,31213.0
2017-02-11,31213.0
2017-02-12,31213.0
2017-02-13,31213.0
2017-02-14,28046.0
2017-02-15,28046.0
2017-02-16,28046.0
2017-02-17,28046.0
2017-02-18,28046.0
2017-02-19,28046.0
2017-02-20,28046.0
2017-02-21,30872.0
2017-02-22,30872.0
2017-02-23,30872.0
2017-02-24,30872.0
2017-02-25,30872.0
2017-02-26,30872.0
2017-02-27,30872.0
2017-02-28,28747.0
2017-03-01,28747.0
2017-03-02,28747.0
2017-03-03,28747.0
2017-03-04,28747.0
2017-03-05,28747.0
2017-03-06,28747.0
2017-03-07,25082.0
2017-03-08,25082.0
2017-03-09,25082.0
2017-03-10,25082.0
2017-03-11,25082.0
2017-03-12,25082.0
2017-03-13,25082.0
2017-03-14,22393.0
2017-03-15,22393.0
2017-03-16,22393.0
2017-03-17,22393.0
2017-03-18,22393.0
2017-03-19,22393.0
2017-03-20,22393.0
2017-03-21,23945.0
2017-03-22,23945.0
2017-03-23,23945.0
2017-03-24,23945.0
2017-03-25,23945.0
2017-03-26,23945.0
2017-03-27,23945.0
2017-03-28,14691.0
2017-03-29,14691.0
2017-03-30,14691.0
2017-03-31,14691.0
2017-04-01,14691.0
2017-04-02,14691.0
2017-04-03,14691.0
2017-04-04,14351.0
2017-04-05,14351.0
2017-04-06,14351.0
2017-04-07,14351.0
2017-04-08,14351.0
2017-04-09,14351.0
2017-04-10,14351.0
2017-04-11,15184.0
2017-04-12,15184.0
2017-04-13,15184.0
2017-04-14,15184.0
2017-04-15,15184.0
2017-04-16,15184.0
2017-04-17,15184.0
2017-04-18,17894.0
2017-04-19,17894.0
2017-04-20,17894.0
2017-04-21,17894.0
2017-04-22,17894.0
2017-04-23,17894.0
2017-04-24,17894.0
2017-04-25,1114.0
2017-04-26,1114.0
2017-04-27,1114.0
2017-04-28,1114.0
2017-04-29,1114.0
2017-04-30,1114.0
2017-05-01,1114.0
2017-05-02,-3219.0
2017-05-03,-3219.0
2017-05-04,-3219.0
2017-05-05,-3219.0
2017-05-06,-3219.0
2017-05-07,-3219.0
2017-05-08,-3219.0
2017-05-09,-1108.0
2017-05-10,-1108.0
2017-05-11,-1108.0
2017-05-12,-1108.0
2017-05-13,-1108.0
2017-05-14,-1108.0
2017-05-15,-1108.0
2017-05-16,-2213.0
2017-05-17,-2213.0
2017-05-18,-2213.0
2017-05-19,-2213.0
2017-05-20,-2213.0
2017-05-21,-2213.0
2017-05-22,-2213.0
2017-05-23,-4945.0
2017-05-24,-4945.0
2017-05-25,-4945.0
2017-05-26,-4945.0
2017-05-27,-4945.0
2017-05-28,-4945.0
2017-05-29,-4945.0
2017-05-30,-6880.0
2017-05-31,-6880.0
2017-06-01,-6880.0
2017-06-02,-6880.0
2017-06-03,-6880.0
2017-06-04,-6880.0
2017-06-05,-6880.0
2017-06-06,-13174.0
2017-06-07,-13174.0
2017-06-08,-13174.0
2017-06-09,-13174.0
2017-06-10,-13174.0
2017-06-11,-13174.0
2017-06-12,-13174.0
2017-06-13,-20268.0
2017-06-14,-20268.0
2017-06-15,-20268.0
2017-06-16,-20268.0
2017-06-17,-20268.0
2017-06-18,-20268.0
2017-06-19,-20268.0
2017-06-20,-25030.0
2017-06-21,-25030.0
2017-06-22,-25030.0
2017-06-23,-25030.0
2017-06-24,-25030.0
2017-06-25,-25030.0
2017-06-26,-25030.0
2017-06-27,-30844.0
2017-06-28,-30844.0
2017-06-29,-30844.0
2017-06-30,-30844.0
2017-07-01,-30844.0
2017-07-02,-30844.0
2017-07-03,-27883.0
2017-07-04,-27883.0
2017-07-05,-27883.0
2017-07-06,-27883.0
2017-07-07,-27883.0
2017-07-08,-27883.0
2017-07-09,-27883.0
2017-07-10,-27883.0
2017-07-11,-29174.0
2017-07-12,-29174.0
2017-07-13,-29174.0
2017-07-14,-29174.0
2017-07-15,-29174.0
2017-07-16,-29174.0
2017-07-17,-29174.0
2017-07-18,-18971.0
2017-07-19,-18971.0
2017-07-20,-18971.0
2017-07-21,-18971.0
2017-07-22,-18971.0
2017-07-23,-18971.0
2017-07-24,-18971.0
2017-07-25,-13934.0
2017-07-26,-13934.0
2017-07-27,-13934.0
2017-07-28,-13934.0
2017-07-29,-13934.0
2017-07-30,-13934.0
2017-07-31,-13934.0
2017-08-01,-6712.0
2017-08-02,-6712.0
2017-08-03,-6712.0
2017-08-04,-6712.0
2017-08-05,-6712.0
2017-08-06,-6712.0
2017-08-07,-6712.0
2017-08-08,-174.0
2017-08-09,-174.0
2017-08-10,-174.0
2017-08-11,-174.0
2017-08-12,-174.0
2017-08-13,-174.0
2017-08-14,-174.0
2017-08-15,4184.0
2017-08-16,4184.0
2017-08-17,4184.0
2017-08-18,4184.0
2017-08-19,4184.0
2017-08-20,4184.0
2017-08-21,4184.0
2017-08-22,-9816.0
2017-08-23,-9816.0
2017-08-24,-9816.0
2017-08-25,-9816.0
2017-08-26,-9816.0
2017-08-27,-9816.0
2017-08-28,-9816.0
2017-08-29,-17734.0
2017-08-30,-17734.0
2017-08-31,-17734.0
2017-09-01,-17734.0
2017-09-02,-17734.0
2017-09-03,-17734.0
2017-09-04,-17734.0
2017-09-05,-22111.0
2017-09-06,-22111.0
2017-09-07,-22111.0
2017-09-08,-22111.0
2017-09-09,-22111.0
2017-09-10,-22111.0
2017-09-11,-22111.0
2017-09-12,-21931.0
2017-09-13,-21931.0
2017-09-14,-21931.0
2017-09-15,-21931.0
2017-09-16,-21931.0
2017-09-17,-21931.0
2017-09-18,-21931.0
2017-09-19,-10497.0
2017-09-20,-10497.0
2017-09-21,-10497.0
2017-09-22,-10497.0
2017-09-23,-10497.0
2017-09-24,-10497.0
2017-09-25,-10497.0
2017-09-26,-9835.0
2017-09-27,-9835.0
2017-09-28,-9835.0
2017-09-29,-9835.0
2017-09-30,-9835.0
2017-10-01,-9835.0
2017-10-02,-9835.0
2017-10-03,-21154.0
2017-10-04,-21154.0
2017-10-05,-21154.0
2017-10-06,-21154.0
2017-10-07,-21154.0
2017-10-08,-21154.0
2017-10-09,-21154.0
2017-10-10,-22578.0
2017-10-11,-22578.0
2017-10-12,-22578.0
2017-10-13,-22578.0
2017-10-14,-22578.0
2017-10-15,-22578.0
2017-10-16,-22578.0
2017-10-17,-29644.0
2017-10-18,-29644.0
2017-10-19,-29644.0
2017-10-20,-29644.0
2017-10-21,-29644.0
2017-10-22,-29644.0
2017-10-23,-29644.0
2017-10-24,-33017.0
2017-10-25,-33017.0
2017-10-26,-33017.0
2017-10-27,-33017.0
2017-10-28,-33017.0
2017-10-29,-33017.0
2017-10-30,-33017.0
2017-10-31,-32816.0
2017-11-01,-32816.0
2017-11-02,-32816.0
2017-11-03,-32816.0
2017-11-04,-32816.0
2017-11-05,-32816.0
2017-11-06,-32816.0
2017-11-07,-35315.0
2017-11-08,-35315.0
2017-11-09,-35315.0
2017-11-10,-35315.0
2017-11-11,-35315.0
2017-11-12,-35315.0
2017-11-13,-35315.0
2017-11-14,-34147.0
2017-11-15,-34147.0
2017-11-16,-34147.0
2017-11-17,-34147.0
2017-11-18,-34147.0
2017-11-19,-34147.0
2017-11-20,-34147.0
2017-11-21,-36774.0
2017-11-22,-36774.0
2017-11-23,-36774.0
2017-11-24,-36774.0
2017-11-25,-36774.0
2017-11-26,-36774.0
2017-11-27,-36774.0
2017-11-28,-30241.0
2017-11-29,-30241.0
2017-11-30,-30241.0
2017-12-01,-30241.0
2017-12-02,-30241.0
2017-12-03,-30241.0
2017-12-04,-30241.0
2017-12-05,-28459.0
2017-12-06,-28459.0
2017-12-07,-28459.0
2017-12-08,-28459.0
2017-12-09,-28459.0
2017-12-10,-28459.0
2017-12-11,-28459.0
2017-12-12,-46195.0
2017-12-13,-46195.0
2017-12-14,-46195.0
2017-12-15,-46195.0
2017-12-16,-46195.0
2017-12-17,-46195.0
2017-12-18,-46195.0
2017-12-19,-47024.0
2017-12-20,-47024.0
2017-12-21,-47024.0
2017-12-22,-47024.0
2017-12-23,-47024.0
2017-12-24,-47024.0
2017-12-25,-47024.0
2017-12-26,-47266.0
2017-12-27,-47266.0
2017-12-28,-47266.0
2017-12-29,-47266.0
2017-12-30,-47266.0
2017-12-31,-47266.0
2018-01-01,-47266.0
2018-01-02,-37531.0
2018-01-03,-37531.0
2018-01-04,-37531.0
2018-01-05,-37531.0
2018-01-06,-37531.0
2018-01-07,-37531.0
2018-01-08,-37531.0
2018-01-09,-32986.0
2018-01-10,-32986.0
2018-01-11,-32986.0
2018-01-12,-32986.0
2018-01-13,-32986.0
2018-01-14,-32986.0
2018-01-15,-32986.0
2018-01-16,-41858.0
2018-01-17,-41858.0
2018-01-18,-41858.0
2018-01-19,-41858.0
2018-01-20,-41858.0
2018-01-21,-41858.0
2018-01-22,-41858.0
2018-01-23,-45832.0
2018-01-24,-45832.0
2018-01-25,-45832.0
2018-01-26,-45832.0
2018-01-27,-45832.0
2018-01-28,-45832.0
2018-01-29,-45832.0
2018-01-30,-40834.0
2018-01-31,-40834.0
2018-02-01,-40834.0
2018-02-02,-40834.0
2018-02-03,-40834.0
2018-02-04,-40834.0
2018-02-05,-40834.0
2018-02-06,-43982.0
2018-02-07,-43982.0
2018-02-08,-43982.0
2018-02-09,-43982.0
2018-02-10,-43982.0
2018-02-11,-43982.0
2018-02-12,-43982.0
2018-02-13,-37198.0
2018-02-14,-37198.0
2018-02-15,-37198.0
2018-02-16,-37198.0
2018-02-17,-37198.0
2018-02-18,-37198.0
2018-02-19,-37198.0
2018-02-20,-46777.0
2018-02-21,-46777.0
2018-02-22,-46777.0
2018-02-23,-46777.0
2018-02-24,-46777.0
2018-02-25,-46777.0
2018-02-26,-46777.0
2018-02-27,-40999.0
2018-02-28,-40999.0
2018-03-01,-40999.0
2018-03-02,-40999.0
2018-03-03,-40999.0
2018-03-04,-40999.0
2018-03-05,-40999.0
2018-03-06,-36844.0
2018-03-07,-36844.0
2018-03-08,-36844.0
2018-03-09,-36844.0
2018-03-10,-36844.0
2018-03-11,-36844.0
2018-03-12,-36844.0
2018-03-13,-40028.0
2018-03-14,-40028.0
2018-03-15,-40028.0
2018-03-16,-40028.0
2018-03-17,-40028.0
2018-03-18,-40028.0
2018-03-19,-40028.0
2018-03-20,-42633.0
2018-03-21,-42633.0
2018-03-22,-42633.0
2018-03-23,-42633.0
2018-03-24,-42633.0
2018-03-25,-42633.0
2018-03-26,-42633.0
2018-03-27,-39970.0
2018-03-28,-39970.0
2018-03-29,-39970.0
2018-03-30,-39970.0
2018-03-31,-39970.0
2018-04-01,-39970.0
2018-04-02,-39970.0
2018-04-03,-44600.0
2018-04-04,-44600.0
2018-04-05,-44600.0
2018-04-06,-44600.0
2018-04-07,-44600.0
2018-04-08,-44600.0
2018-04-09,-44600.0
2018-04-10,-40725.0
2018-04-11,-40725.0
2018-04-12,-40725.0
2018-04-13,-40725.0
2018-04-14,-40725.0
2018-04-15,-40725.0
2018-04-16,-40725.0
2018-04-17,-54854.0
2018-04-18,-54854.0
2018-04-19,-54854.0
2018-04-20,-54854.0
2018-04-21,-54854.0
2018-04-22,-54854.0
2018-04-23,-54854.0
2018-04-24,-44659.0
2018-04-25,-44659.0
2018-04-26,-44659.0
2018-04-27,-44659.0
2018-04-28,-44659.0
2018-04-29,-44659.0
2018-04-30,-44659.0
2018-05-01,-32821.0
2018-05-02,-32821.0
2018-05-03,-32821.0
2018-05-04,-32821.0
2018-05-05,-32821.0
2018-05-06,-32821.0
2018-05-07,-32821.0
2018-05-08,-27964.0
2018-05-09,-27964.0
2018-05-10,-27964.0
2018-05-11,-27964.0
2018-05-12,-27964.0
2018-05-13,-27964.0
2018-05-14,-27964.0
2018-05-15,-34518.0
2018-05-16,-34518.0
2018-05-17,-34518.0
2018-05-18,-34518.0
2018-05-19,-34518.0
2018-05-20,-34518.0
2018-05-21,-34518.0
2018-05-22,-31057.0
2018-05-23,-31057.0
2018-05-24,-31057.0
2018-05-25,-31057.0
2018-05-26,-31057.0
2018-05-27,-31057.0
2018-05-28,-31057.0
2018-05-29,-28279.0
2018-05-30,-28279.0
2018-05-31,-28279.0
2018-06-01,-28279.0
2018-06-02,-28279.0
2018-06-03,-28279.0
2018-06-04,-28279.0
2018-06-05,-21666.0
2018-06-06,-21666.0
2018-06-07,-21666.0
2018-06-08,-21666.0
2018-06-09,-21666.0
2018-06-10,-21666.0
2018-06-11,-21666.0
2018-06-12,-32657.0
2018-06-13,-32657.0
2018-06-14,-32657.0
2018-06-15,-32657.0
2018-06-16,-32657.0
2018-06-17,-32657.0
2018-06-18,-32657.0
2018-06-19,-43452.0
2018-06-20,-43452.0
2018-06-21,-43452.0
2018-06-22,-43452.0
2018-06-23,-43452.0
2018-06-24,-43452.0
2018-06-25,-43452.0
2018-06-26,-44342.0
2018-06-27,-44342.0
2018-06-28,-44342.0
2018-06-29,-44342.0
2018-06-30,-44342.0
2018-07-01,-44342.0
2018-07-02,-44342.0
2018-07-03,-54887.0
2018-07-04,-54887.0
2018-07-05,-54887.0
2018-07-06,-54887.0
2018-07-07,-54887.0
2018-07-08,-54887.0
2018-07-09,-54887.0
2018-07-10,-54337.0
2018-07-11,-54337.0
2018-07-12,-54337.0
2018-07-13,-54337.0
2018-07-14,-54337.0
2018-07-15,-54337.0
2018-07-16,-54337.0
2018-07-17,-64001.0
2018-07-18,-64001.0
2018-07-19,-64001.0
2018-07-20,-64001.0
2018-07-21,-64001.0
2018-07-22,-64001.0
2018-07-23,-64001.0
2018-07-24,-66159.0
2018-07-25,-66159.0
2018-07-26,-66159.0
2018-07-27,-66159.0
2018-07-28,-66159.0
2018-07-29,-66159.0
2018-07-30,-66159.0
2018-07-31,-65150.0
2018-08-01,-65150.0
2018-08-02,-65150.0
2018-08-03,-65150.0
2018-08-04,-65150.0
2018-08-05,-65150.0
2018-08-06,-65150.0
2018-08-07,-69973.0
2018-08-08,-69973.0
2018-08-09,-69973.0
2018-08-10,-69973.0
2018-08-11,-69973.0
2018-08-12,-69973.0
2018-08-13,-69973.0
2018-08-14,-83910.0
2018-08-15,-83910.0
2018-08-16,-83910.0
2018-08-17,-83910.0
2018-08-18,-83910.0
2018-08-19,-83910.0
2018-08-20,-83910.0
2018-08-21,-90352.0
2018-08-22,-90352.0
2018-08-23,-90352.0
2018-08-24,-90352.0
2018-08-25,-90352.0
2018-08-26,-90352.0
2018-08-27,-90352.0
2018-08-28,-86099.0
2018-08-29,-86099.0
2018-08-30,-86099.0
2018-08-31,-86099.0
2018-09-01,-86099.0
2018-09-02,-86099.0
2018-09-03,-86099.0
2018-09-04,-89568.0
2018-09-05,-89568.0
2018-09-06,-89568.0
2018-09-07,-89568.0
2018-09-08,-89568.0
2018-09-09,-89568.0
2018-09-10,-89568.0
2018-09-11,-89905.0
2018-09-12,-89905.0
2018-09-13,-89905.0
2018-09-14,-89905.0
2018-09-15,-89905.0
2018-09-16,-89905.0
2018-09-17,-89905.0
2018-09-18,-98481.0
2018-09-19,-98481.0
2018-09-20,-98481.0
2018-09-21,-98481.0
2018-09-22,-98481.0
2018-09-23,-98481.0
2018-09-24,-98481.0
2018-09-25,-91796.0
2018-09-26,-91796.0
2018-09-27,-91796.0
2018-09-28,-91796.0
2018-09-29,-91796.0
2018-09-30,-91796.0
2018-10-01,-91796.0
2018-10-02,-76935.0
2018-10-03,-76935.0
2018-10-04,-76935.0
2018-10-05,-76935.0
2018-10-06,-76935.0
2018-10-07,-76935.0
2018-10-08,-76935.0
2018-10-09,-64088.0
2018-10-10,-64088.0
2018-10-11,-64088.0
2018-10-12,-64088.0
2018-10-13,-64088.0
2018-10-14,-64088.0
2018-10-15,-64088.0
2018-10-16,-46100.0
2018-10-17,-46100.0
2018-10-18,-46100.0
2018-10-19,-46100.0
2018-10-20,-46100.0
2018-10-21,-46100.0
2018-10-22,-46100.0
2018-10-23,-32593.0
2018-10-24,-32593.0
2018-10-25,-32593.0
2018-10-26,-32593.0
2018-10-27,-32593.0
2018-10-28,-32593.0
2018-10-29,-32593.0
2018-10-30,-23670.0
2018-10-31,-23670.0
2018-11-01,-23670.0
2018-11-02,-23670.0
2018-11-03,-23670.0
2018-11-04,-23670.0
2018-11-05,-23670.0
2018-11-06,-20415.0
2018-11-07,-20415.0
2018-11-08,-20415.0
2018-11-09,-20415.0
2018-11-10,-20415.0
2018-11-11,-20415.0
2018-11-12,-20415.0
2018-11-13,-24678.0
2018-11-14,-24678.0
2018-11-15,-24678.0
2018-11-16,-24678.0
2018-11-17,-24678.0
2018-11-18,-24678.0
2018-11-19,-24678.0
2018-11-20,-21287.0
2018-11-21,-21287.0
2018-11-22,-21287.0
2018-11-23,-21287.0
2018-11-24,-21287.0
2018-11-25,-21287.0
2018-11-26,-21287.0
2018-11-27,-21534.0
2018-11-28,-21534.0
2018-11-29,-21534.0
2018-11-30,-21534.0
2018-12-01,-21534.0
2018-12-02,-21534.0
2018-12-03,-21534.0
2018-12-04,-32384.0
2018-12-05,-32384.0
2018-12-06,-32384.0
2018-12-07,-32384.0
2018-12-08,-32384.0
2018-12-09,-32384.0
2018-12-10,-32384.0
2018-12-11,-39808.0
2018-12-12,-39808.0
2018-12-13,-39808.0
2018-12-14,-39808.0
2018-12-15,-39808.0
2018-12-16,-39808.0
2018-12-17,-39808.0
2018-12-18,-47780.0
2018-12-19,-47780.0
2018-12-20,-47780.0
2018-12-21,-47780.0
2018-12-22,-47780.0
2018-12-23,-47780.0
2018-12-24,-50336.0
2018-12-25,-50336.0
2018-12-26,-50336.0
2018-12-27,-50336.0
2018-12-28,-50336.0
2018-12-29,-50336.0
2018-12-30,-50336.0
2018-12-31,-52135.0
2019-01-01,-52135.0
2019-01-02,-52135.0
2019-01-03,-52135.0
2019-01-04,-52135.0
2019-01-05,-52135.0
2019-01-06,-52135.0
2019-01-07,-52135.0
2019-01-08,-47734.0
2019-01-09,-47734.0
2019-01-10,-47734.0
2019-01-11,-47734.0
2019-01-12,-47734.0
2019-01-13,-47734.0
2019-01-14,-47734.0
2019-01-15,-52007.0
2019-01-16,-52007.0
2019-01-17,-52007.0
2019-01-18,-52007.0
2019-01-19,-52007.0
2019-01-20,-52007.0
2019-01-21,-52007.0
2019-01-22,-43771.0
2019-01-23,-43771.0
2019-01-24,-43771.0
2019-01-25,-43771.0
2019-01-26,-43771.0
2019-01-27,-43771.0
2019-01-28,-43771.0
2019-01-29,-43852.0
2019-01-30,-43852.0
2019-01-31,-43852.0
2019-02-01,-43852.0
2019-02-02,-43852.0
2019-02-03,-43852.0
2019-02-04,-43852.0
2019-02-05,-35538.0
2019-02-06,-35538.0
2019-02-07,-35538.0
2019-02-08,-35538.0
2019-02-09,-35538.0
2019-02-10,-35538.0
2019-02-11,-35538.0
2019-02-12,-41395.0
2019-02-13,-41395.0
2019-02-14,-41395.0
2019-02-15,-41395.0
2019-02-16,-41395.0
2019-02-17,-41395.0
2019-02-18,-41395.0
2019-02-19,-48012.0
2019-02-20,-48012.0
2019-02-21,-48012.0
2019-02-22,-48012.0
2019-02-23,-48012.0
2019-02-24,-48012.0
2019-02-25,-48012.0
2019-02-26,-55191.0
2019-02-27,-55191.0
2019-02-28,-55191.0
2019-03-01,-55191.0
2019-03-02,-55191.0
2019-03-03,-55191.0
2019-03-04,-55191.0
2019-03-05,-54207.0
2019-03-06,-54207.0
2019-03-07,-54207.0
2019-03-08,-54207.0
2019-03-09,-54207.0
2019-03-10,-54207.0
2019-03-11,-54207.0
2019-03-12,-58524.0
2019-03-13,-58524.0
2019-03-14,-58524.0
2019-03-15,-58524.0
2019-03-16,-58524.0
2019-03-17,-58524.0
2019-03-18,-58524.0
2019-03-19,-55134.0
2019-03-20,-55134.0
2019-03-21,-55134.0
2019-03-22,-55134.0
2019-03-23,-55134.0
2019-03-24,-55134.0
2019-03-25,-55134.0
2019-03-26,-56722.0
2019-03-27,-56722.0
2019-03-28,-56722.0
2019-03-29,-56722.0
2019-03-30,-56722.0
2019-03-31,-56722.0
2019-04-01,-56722.0
2019-04-02,-58993.0
2019-04-03,-58993.0
2019-04-04,-58993.0
2019-04-05,-58993.0
2019-04-06,-58993.0
2019-04-07,-58993.0
2019-04-08,-58993.0
2019-04-09,-51989.0
2019-04-10,-51989.0
2019-04-11,-51989.0
2019-04-12,-51989.0
2019-04-13,-51989.0
2019-04-14,-51989.0
2019-04-15,-51989.0
2019-04-16,-66977.0
2019-04-17,-66977.0
2019-04-18,-66977.0
2019-04-19,-66977.0
2019-04-20,-66977.0
2019-04-21,-66977.0
2019-04-22,-66977.0
2019-04-23,-61588.0
2019-04-24,-61588.0
2019-04-25,-61588.0
2019-04-26,-61588.0
2019-04-27,-61588.0
2019-04-28,-61588.0
2019-04-29,-61588.0
2019-04-30,-56608.0
2019-05-01,-56608.0
2019-05-02,-56608.0
2019-05-03,-56608.0
2019-05-04,-56608.0
2019-05-05,-56608.0
2019-05-06,-56608.0
2019-05-07,-64186.0
2019-05-08,-64186.0
2019-05-09,-64186.0
2019-05-10,-64186.0
2019-05-11,-64186.0
2019-05-12,-64186.0
2019-05-13,-64186.0
2019-05-14,-58459.0
2019-05-15,-58459.0
2019-05-16,-58459.0
2019-05-17,-58459.0
2019-05-18,-58459.0
2019-05-19,-58459.0
2019-05-20,-58459.0
2019-05-21,-53163.0
2019-05-22,-53163.0
2019-05-23,-53163.0
2019-05-24,-53163.0
2019-05-25,-53163.0
2019-05-26,-53163.0
2019-05-27,-53163.0
2019-05-28,-42642.0
2019-05-29,-42642.0
2019-05-30,-42642.0
2019-05-31,-42642.0
2019-06-01,-42642.0
2019-06-02,-42642.0
2019-06-03,-42642.0
2019-06-04,-21243.0
2019-06-05,-21243.0
2019-06-06,-21243.0
2019-06-07,-21243.0
2019-06-08,-21243.0
2019-06-09,-21243.0
2019-06-10,-21243.0
2019-06-11,-21496.0
2019-06-12,-21496.0
2019-06-13,-21496.0
2019-06-14,-21496.0
2019-06-15,-21496.0
2019-06-16,-21496.0
2019-06-17,-21496.0
2019-06-18,-19932.0
2019-06-19,-19932.0
2019-06-20,-19932.0
2019-06-21,-19932.0
2019-06-22,-19932.0
2019-06-23,-19932.0
2019-06-24,-19932.0
2019-06-25,-13654.0
2019-06-26,-13654.0
2019-06-27,-13654.0
2019-06-28,-13654.0
2019-06-29,-13654.0
2019-06-30,-13654.0
2019-07-01,-13654.0
2019-07-02,97.0
2019-07-03,97.0
2019-07-04,97.0
2019-07-05,97.0
2019-07-06,97.0
2019-07-07,97.0
2019-07-08,97.0
2019-07-09,5388.0
2019-07-10,5388.0
2019-07-11,5388.0
2019-07-12,5388.0
2019-07-13,5388.0
2019-07-14,5388.0
2019-07-15,5388.0
2019-07-16,2613.0
2019-07-17,2613.0
2019-07-18,2613.0
2019-07-19,2613.0
2019-07-20,2613.0
2019-07-21,2613.0
2019-07-22,2613.0
2019-07-23,-1067.0
2019-07-24,-1067.0
2019-07-25,-1067.0
2019-07-26,-1067.0
2019-07-27,-1067.0
2019-07-28,-1067.0
2019-07-29,-1067.0
2019-07-30,-11551.0
2019-07-31,-11551.0
2019-08-01,-11551.0
2019-08-02,-11551.0
2019-08-03,-11551.0
2019-08-04,-11551.0
2019-08-05,-11551.0
2019-08-06,-17045.0
2019-08-07,-17045.0
2019-08-08,-17045.0
2019-08-09,-17045.0
2019-08-10,-17045.0
2019-08-11,-17045.0
2019-08-12,-17045.0
2019-08-13,-25055.0
2019-08-14,-25055.0
2019-08-15,-25055.0
2019-08-16,-25055.0
2019-08-17,-25055.0
2019-08-18,-25055.0
2019-08-19,-25055.0
2019-08-20,-32344.0
2019-08-21,-32344.0
2019-08-22,-32344.0
2019-08-23,-32344.0
2019-08-24,-32344.0
2019-08-25,-32344.0
2019-08-26,-32344.0
2019-08-27,-30656.0
2019-08-28,-30656.0
2019-08-29,-30656.0
2019-08-30,-30656.0
2019-08-31,-30656.0
2019-09-01,-30656.0
2019-09-02,-30656.0
2019-09-03,-36481.0
2019-09-04,-36481.0
2019-09-05,-36481.0
2019-09-06,-36481.0
2019-09-07,-36481.0
2019-09-08,-36481.0
2019-09-09,-36481.0
2019-09-10,-33309.0
2019-09-11,-33309.0
2019-09-12,-33309.0
2019-09-13,-33309.0
2019-09-14,-33309.0
2019-09-15,-33309.0
2019-09-16,-33309.0
2019-09-17,-22837.0
2019-09-18,-22837.0
2019-09-19,-22837.0
2019-09-20,-22837.0
2019-09-21,-22837.0
2019-09-22,-22837.0
2019-09-23,-22837.0
2019-09-24,-24779.0
2019-09-25,-24779.0
2019-09-26,-24779.0
2019-09-27,-24779.0
2019-09-28,-24779.0
2019-09-29,-24779.0
2019-09-30,-24779.0
2019-10-01,-22893.0
2019-10-02,-22893.0
2019-10-03,-22893.0
2019-10-04,-22893.0
2019-10-05,-22893.0
2019-10-06,-22893.0
2019-10-07,-22893.0
2019-10-08,-34167.0
2019-10-09,-34167.0
2019-10-10,-34167.0
2019-10-11,-34167.0
2019-10-12,-34167.0
2019-10-13,-34167.0
2019-10-14,-34167.0
2019-10-15,-44896.0
2019-10-16,-44896.0
2019-10-17,-44896.0
2019-10-18,-44896.0
2019-10-19,-44896.0
2019-10-20,-44896.0
2019-10-21,-44896.0
2019-10-22,-41765.0
2019-10-23,-41765.0
2019-10-24,-41765.0
2019-10-25,-41765.0
2019-10-26,-41765.0
2019-10-27,-41765.0
2019-10-28,-41765.0
2019-10-29,-37768.0
2019-10-30,-37768.0
2019-10-31,-37768.0
2019-11-01,-37768.0
2019-11-02,-37768.0
2019-11-03,-37768.0
2019-11-04,-37768.0
2019-11-05,-23211.0
2019-11-06,-23211.0
2019-11-07,-23211.0
2019-11-08,-23211.0
2019-11-09,-23211.0
2019-11-10,-23211.0
2019-11-11,-23211.0
2019-11-12,-2761.0
2019-11-13,-2761.0
2019-11-14,-2761.0
2019-11-15,-2761.0
2019-11-16,-2761.0
2019-11-17,-2761.0
2019-11-18,-2761.0
2019-11-19,-1062.0
2019-11-20,-1062.0
2019-11-21,-1062.0
2019-11-22,-1062.0
2019-11-23,-1062.0
2019-11-24,-1062.0
2019-11-25,-1062.0
2019-11-26,12211.0
2019-11-27,12211.0
2019-11-28,12211.0
2019-11-29,12211.0
2019-11-30,12211.0
2019-12-01,12211.0
2019-12-02,12211.0
2019-12-03,21599.0
2019-12-04,21599.0
2019-12-05,21599.0
2019-12-06,21599.0
2019-12-07,21599.0
2019-12-08,21599.0
2019-12-09,21599.0
2019-12-10,37329.0
2019-12-11,37329.0
2019-12-12,37329.0
2019-12-13,37329.0
2019-12-14,37329.0
2019-12-15,37329.0
2019-12-16,37329.0
2019-12-17,44861.0
2019-12-18,44861.0
2019-12-19,44861.0
2019-12-20,44861.0
2019-12-21,44861.0
2019-12-22,44861.0
2019-12-23,44861.0
2019-12-24,46997.0
2019-12-25,46997.0
2019-12-26,46997.0
2019-12-27,46997.0
2019-12-28,46997.0
2019-12-29,46997.0
2019-12-30,46997.0
2019-12-31,46315.0
2020-01-01,46315.0
2020-01-02,46315.0
2020-01-03,46315.0
2020-01-04,46315.0
2020-01-05,46315.0
2020-01-06,46315.0
2020-01-07,44140.0
2020-01-08,44140.0
2020-01-09,44140.0
2020-01-10,44140.0
2020-01-11,44140.0
2020-01-12,44140.0
2020-01-13,44140.0
2020-01-14,42988.0
2020-01-15,42988.0
2020-01-16,42988.0
2020-01-17,42988.0
2020-01-18,42988.0
2020-01-19,42988.0
2020-01-20,42988.0
2020-01-21,41494.0
2020-01-22,41494.0
2020-01-23,41494.0
2020-01-24,41494.0
2020-01-25,41494.0
2020-01-26,41494.0
2020-01-27,41494.0
2020-01-28,32536.0
2020-01-29,32536.0
2020-01-30,32536.0
2020-01-31,32536.0
2020-02-01,32536.0
2020-02-02,32536.0
2020-02-03,32536.0
2020-02-04,20884.0
2020-02-05,20884.0
2020-02-06,20884.0
2020-02-07,20884.0
2020-02-08,20884.0
2020-02-09,20884.0
2020-02-10,20884.0
2020-02-11,6432.0
2020-02-12,6432.0
2020-02-13,6432.0
2020-02-14,6432.0
2020-02-15,6432.0
2020-02-16,6432.0
2020-02-17,6432.0
2020-02-18,4058.0
2020-02-19,4058.0
2020-02-20,4058.0
2020-02-21,4058.0
2020-02-22,4058.0
2020-02-23,4058.0
2020-02-24,4058.0
2020-02-25,3498.0
2020-02-26,3498.0
2020-02-27,3498.0
2020-02-28,3498.0
2020-02-29,3498.0
2020-03-01,3498.0
2020-03-02,3498.0
2020-03-03,16824.0
2020-03-04,16824.0
2020-03-05,16824.0
2020-03-06,16824.0
2020-03-07,16824.0
2020-03-08,16824.0
2020-03-09,16824.0
2020-03-10,17596.0
2020-03-11,17596.0
2020-03-12,17596.0
2020-03-13,17596.0
2020-03-14,17596.0
2020-03-15,17596.0
2020-03-16,17596.0
2020-03-17,17947.0
2020-03-18,17947.0
2020-03-19,17947.0
2020-03-20,17947.0
2020-03-21,17947.0
2020-03-22,17947.0
2020-03-23,17947.0
2020-03-24,25012.0
2020-03-25,25012.0
2020-03-26,25012.0
2020-03-27,25012.0
2020-03-28,25012.0
2020-03-29,25012.0
2020-03-30,25012.0
2020-03-31,31799.0
2020-04-01,31799.0
2020-04-02,31799.0
2020-04-03,31799.0
2020-04-04,31799.0
2020-04-05,31799.0
2020-04-06,31799.0
2020-04-07,31418.0
2020-04-08,31418.0
2020-04-09,31418.0
2020-04-10,31418.0
2020-04-11,31418.0
2020-04-12,31418.0
2020-04-13,31418.0
2020-04-14,32757.0
2020-04-15,32757.0
2020-04-16,32757.0
2020-04-17,32757.0
2020-04-18,32757.0
2020-04-19,32757.0
2020-04-20,32757.0
2020-04-21,32854.0
2020-04-22,32854.0
2020-04-23,32854.0
2020-04-24,32854.0
2020-04-25,32854.0
2020-04-26,32854.0
2020-04-27,32854.0
2020-04-28,27969.0
2020-04-29,27969.0
2020-04-30,27969.0
2020-05-01,27969.0
2020-05-02,27969.0
2020-05-03,27969.0
2020-05-04,27969.0
2020-05-05,26100.0
2020-05-06,26100.0
2020-05-07,26100.0
2020-05-08,26100.0
2020-05-09,26100.0
2020-05-10,26100.0
2020-05-11,26100.0
2020-05-12,26793.0
2020-05-13,26793.0
2020-05-14,26793.0
2020-05-15,26793.0
2020-05-16,26793.0
2020-05-17,26793.0
2020-05-18,26793.0
2020-05-19,26942.0
2020-05-20,26942.0
2020-05-21,26942.0
2020-05-22,26942.0
2020-05-23,26942.0
2020-05-24,26942.0
2020-05-25,26942.0
2020-05-26,21629.0
2020-05-27,21629.0
2020-05-28,21629.0
2020-05-29,21629.0
2020-05-30,21629.0
2020-05-31,21629.0
2020-06-01,21629.0
2020-06-02,8484.0
2020-06-03,8484.0
2020-06-04,8484.0
2020-06-05,8484.0
2020-06-06,8484.0
2020-06-07,8484.0
2020-06-08,8484.0
2020-06-09,2750.0
2020-06-10,2750.0
2020-06-11,2750.0
2020-06-12,2750.0
2020-06-13,2750.0
2020-06-14,2750.0
2020-06-15,2750.0
2020-06-16,-5694.0
2020-06-17,-5694.0
2020-06-18,-5694.0
2020-06-19,-5694.0
2020-06-20,-5694.0
2020-06-21,-5694.0
2020-06-22,-5694.0
2020-06-23,-7502.0
2020-06-24,-7502.0
2020-06-25,-7502.0
2020-06-26,-7502.0
2020-06-27,-7502.0
2020-06-28,-7502.0
2020-06-29,-7502.0
2020-06-30,-4311.0
2020-07-01,-4311.0
2020-07-02,-4311.0
2020-07-03,-4311.0
2020-07-04,-4311.0
2020-07-05,-4311.0
2020-07-06,-4311.0
2020-07-07,-2583.0
2020-07-08,-2583.0
2020-07-09,-2583.0
2020-07-10,-2583.0
2020-07-11,-2583.0
2020-07-12,-2583.0
2020-07-13,-2583.0
2020-07-14,-2729.0
2020-07-15,-2729.0
2020-07-16,-2729.0
2020-07-17,-2729.0
2020-07-18,-2729.0
2020-07-19,-2729.0
2020-07-20,-2729.0
2020-07-21,-535.0
2020-07-22,-535.0
2020-07-23,-535.0
2020-07-24,-535.0
2020-07-25,-535.0
2020-07-26,-535.0
2020-07-27,-535.0
2020-07-28,14410.0
2020-07-29,14410.0
2020-07-30,14410.0
2020-07-31,14410.0
2020-08-01,14410.0
2020-08-02,14410.0
2020-08-03,14410.0
2020-08-04,33332.0
2020-08-05,33332.0
2020-08-06,33332.0
2020-08-07,33332.0
2020-08-08,33332.0
2020-08-09,33332.0
2020-08-10,33332.0
2020-08-11,39025.0
2020-08-12,39025.0
2020-08-13,39025.0
2020-08-14,39025.0
2020-08-15,39025.0
2020-08-16,39025.0
2020-08-17,39025.0
2020-08-18,43061.0
2020-08-19,43061.0
2020-08-20,43061.0
2020-08-21,43061.0
2020-08-22,43061.0
2020-08-23,43061.0
2020-08-24,43061.0
2020-08-25,50469.0
2020-08-26,50469.0
2020-08-27,50469.0
2020-08-28,50469.0
2020-08-29,50469.0
2020-08-30,50469.0
2020-08-31,50469.0
2020-09-01,60362.0
2020-09-02,60362.0
2020-09-03,60362.0
2020-09-04,60362.0
2020-09-05,60362.0
2020-09-06,60362.0
2020-09-07,60362.0
2020-09-08,64978.0
2020-09-09,64978.0
2020-09-10,64978.0
2020-09-11,64978.0
2020-09-12,64978.0
2020-09-13,64978.0
2020-09-14,64978.0
2020-09-15,66339.0
2020-09-16,66339.0
2020-09-17,66339.0
2020-09-18,66339.0
2020-09-19,66339.0
2020-09-20,66339.0
2020-09-21,66339.0
2020-09-22,61741.0
2020-09-23,61741.0
2020-09-24,61741.0
2020-09-25,61741.0
2020-09-26,61741.0
2020-09-27,61741.0
2020-09-28,61741.0
2020-09-29,54931.0
2020-09-30,54931.0
2020-10-01,54931.0
2020-10-02,54931.0
2020-10-03,54931.0
2020-10-04,54931.0
2020-10-05,54931.0
2020-10-06,47505.0
2020-10-07,47505.0
2020-10-08,47505.0
2020-10-09,47505.0
2020-10-10,47505.0
2020-10-11,47505.0
2020-10-12,47505.0
2020-10-13,46226.0
2020-10-14,46226.0
2020-10-15,46226.0
2020-10-16,46226.0
2020-10-17,46226.0
2020-10-18,46226.0
2020-10-19,46226.0
2020-10-20,40708.0
2020-10-21,40708.0
2020-10-22,40708.0
2020-10-23,40708.0
2020-10-24,40708.0
2020-10-25,40708.0
2020-10-26,40708.0
2020-10-27,35421.0
2020-10-28,35421.0
2020-10-29,35421.0
2020-10-30,35421.0
2020-10-31,35421.0
2020-11-01,35421.0
2020-11-02,35421.0
2020-11-03,28021.0
2020-11-04,28021.0
2020-11-05,28021.0
2020-11-06,28021.0
2020-11-07,28021.0
2020-11-08,28021.0
2020-11-09,28021.0
2020-11-10,24006.0
2020-11-11,24006.0
2020-11-12,24006.0
2020-11-13,24006.0
2020-11-14,24006.0
2020-11-15,24006.0
2020-11-16,24006.0
2020-11-17,22907.0
2020-11-18,22907.0
2020-11-19,22907.0
2020-11-20,22907.0
2020-11-21,22907.0
2020-11-22,22907.0
2020-11-23,22907.0
2020-11-24,30616.0
2020-11-25,30616.0
2020-11-26,30616.0
2020-11-27,30616.0
2020-11-28,30616.0
2020-11-29,30616.0
2020-11-30,30616.0
2020-12-01,32265.0
2020-12-02,32265.0
2020-12-03,32265.0
2020-12-04,32265.0
2020-12-05,32265.0
2020-12-06,32265.0
2020-12-07,32265.0
2020-12-08,31519.0
2020-12-09,31519.0
2020-12-10,31519.0
2020-12-11,31519.0
2020-12-12,31519.0
2020-12-13,31519.0
2020-12-14,31519.0
2020-12-15,36105.0
2020-12-16,36105.0
2020-12-17,36105.0
2020-12-18,36105.0
2020-12-19,36105.0
2020-12-20,36105.0
2020-12-21,38775.0
2020-12-22,38775.0
2020-12-23,38775.0
2020-12-24,38775.0
2020-12-25,38775.0
2020-12-26,38775.0
2020-12-27,38775.0
2020-12-28,38775.0
2020-12-29,40680.0
2020-12-30,40680.0
2020-12-31,40680.0
2021-01-01,40680.0
2021-01-02,40680.0
2021-01-03,40680.0
2021-01-04,40680.0
2021-01-05,40975.0
2021-01-06,40975.0
2021-01-07,40975.0
2021-01-08,40975.0
2021-01-09,40975.0
2021-01-10,40975.0
2021-01-11,40975.0
2021-01-12,34447.0
2021-01-13,34447.0
2021-01-14,34447.0
2021-01-15,34447.0
2021-01-16,34447.0
2021-01-17,34447.0
2021-01-18,34447.0
2021-01-19,42972.0
2021-01-20,42972.0
2021-01-21,42972.0
2021-01-22,42972.0
2021-01-23,42972.0
2021-01-24,42972.0
2021-01-25,42972.0
2021-01-26,42091.0
2021-01-27,42091.0
2021-01-28,42091.0
2021-01-29,42091.0
2021-01-30,42091.0
2021-01-31,42091.0
2021-02-01,42091.0
2021-02-02,44043.0
2021-02-03,44043.0
2021-02-04,44043.0
2021-02-05,44043.0
2021-02-06,44043.0
2021-02-07,44043.0
2021-02-08,44043.0
2021-02-09,41936.0
2021-02-10,41936.0
2021-02-11,41936.0
2021-02-12,41936.0
2021-02-13,41936.0
2021-02-14,41936.0
2021-02-15,41936.0
2021-02-16,43702.0
2021-02-17,43702.0
2021-02-18,43702.0
2021-02-19,43702.0
2021-02-20,43702.0
2021-02-21,43702.0
2021-02-22,43702.0
2021-02-23,59458.0
2021-02-24,59458.0
2021-02-25,59458.0
2021-02-26,59458.0
2021-02-27,59458.0
2021-02-28,59458.0
2021-03-01,59458.0
2021-03-02,61250.0
2021-03-03,61250.0
2021-03-04,61250.0
2021-03-05,61250.0
2021-03-06,61250.0
2021-03-07,61250.0
2021-03-08,61250.0
2021-03-09,53784.0
2021-03-10,53784.0
2021-03-11,53784.0
2021-03-12,53784.0
2021-03-13,53784.0
2021-03-14,53784.0
2021-03-15,53784.0
2021-03-16,52943.0
2021-03-17,52943.0
2021-03-18,52943.0
2021-03-19,52943.0
2021-03-20,52943.0
2021-03-21,52943.0
2021-03-22,52943.0
2021-03-23,46428.0
2021-03-24,46428.0
2021-03-25,46428.0
2021-03-26,46428.0
2021-03-27,46428.0
2021-03-28,46428.0
2021-03-29,46428.0
2021-03-30,37617.0
2021-03-31,37617.0
2021-04-01,37617.0
2021-04-02,37617.0
2021-04-03,37617.0
2021-04-04,37617.0
2021-04-05,37617.0
2021-04-06,31904.0
2021-04-07,31904.0
2021-04-08,31904.0
2021-04-09,31904.0
2021-04-10,31904.0
2021-04-11,31904.0
2021-04-12,31904.0
2021-04-13,34860.0
2021-04-14,34860.0
2021-04-15,34860.0
2021-04-16,34860.0
2021-04-17,34860.0
2021-04-18,34860.0
2021-04-19,34860.0
2021-04-20,42102.0
2021-04-21,42102.0
2021-04-22,42102.0
2021-04-23,42102.0
2021-04-24,42102.0
2021-04-25,42102.0
2021-04-26,42102.0
2021-04-27,56809.0
2021-04-28,56809.0
2021-04-29,56809.0
2021-04-30,56809.0
2021-05-01,56809.0
2021-05-02,56809.0
2021-05-03,56809.0
2021-05-04,58434.0
2021-05-05,58434.0
2021-05-06,58434.0
2021-05-07,58434.0
2021-05-08,58434.0
2021-05-09,58434.0
2021-05-10,58434.0
2021-05-11,59590.0
2021-05-12,59590.0
2021-05-13,59590.0
2021-05-14,59590.0
2021-05-15,59590.0
2021-05-16,59590.0
2021-05-17,59590.0
2021-05-18,63473.0
2021-05-19,63473.0
2021-05-20,63473.0
2021-05-21,63473.0
2021-05-22,63473.0
2021-05-23,63473.0
2021-05-24,63473.0
2021-05-25,65114.0
2021-05-26,65114.0
2021-05-27,65114.0
2021-05-28,65114.0
2021-05-29,65114.0
2021-05-30,65114.0
2021-05-31,65114.0
2021-06-01,70773.0
2021-06-02,70773.0
2021-06-03,70773.0
2021-06-04,70773.0
2021-06-05,70773.0
2021-06-06,70773.0
2021-06-07,70773.0
2021-06-08,68404.0
2021-06-09,68404.0
2021-06-10,68404.0
2021-06-11,68404.0
2021-06-12,68404.0
2021-06-13,68404.0
2021-06-14,68404.0
2021-06-15,63152.0
2021-06-16,63152.0
2021-06-17,63152.0
2021-06-18,63152.0
2021-06-19,63152.0
2021-06-20,63152.0
2021-06-21,63152.0
2021-06-22,55220.0
2021-06-23,55220.0
2021-06-24,55220.0
2021-06-25,55220.0
2021-06-26,55220.0
2021-06-27,55220.0
2021-06-28,55220.0
2021-06-29,60876.0
2021-06-30,60876.0
2021-07-01,60876.0
2021-07-02,60876.0
2021-07-03,60876.0
2021-07-04,60876.0
2021-07-05,60876.0
2021-07-06,54981.0
2021-07-07,54981.0
2021-07-08,54981.0
2021-07-09,54981.0
2021-07-10,54981.0
2021-07-11,54981.0
2021-07-12,54981.0
2021-07-13,51225.0
2021-07-14,51225.0
2021-07-15,51225.0
2021-07-16,51225.0
2021-07-17,51225.0
2021-07-18,51225.0
2021-07-19,51225.0
2021-07-20,62036.0
2021-07-21,62036.0
2021-07-22,62036.0
2021-07-23,62036.0
2021-07-24,62036.0
2021-07-25,62036.0
2021-07-26,62036.0
2021-07-27,56712.0
2021-07-28,56712.0
2021-07-29,56712.0
2021-07-30,56712.0
2021-07-31,56712.0
2021-08-01,56712.0
2021-08-02,56712.0
2021-08-03,55023.0
2021-08-04,55023.0
2021-08-05,55023.0
2021-08-06,55023.0
2021-08-07,55023.0
2021-08-08,55023.0
2021-08-09,55023.0
2021-08-10,52266.0
2021-08-11,52266.0
2021-08-12,52266.0
2021-08-13,52266.0
2021-08-14,52266.0
2021-08-15,52266.0
2021-08-16,52266.0
2021-08-17,54797.0
2021-08-18,54797.0
2021-08-19,54797.0
2021-08-20,54797.0
2021-08-21,54797.0
2021-08-22,54797.0
2021-08-23,54797.0
2021-08-24,56012.0
2021-08-25,56012.0
2021-08-26,56012.0
2021-08-27,56012.0
2021-08-28,56012.0
2021-08-29,56012.0
2021-08-30,56012.0
2021-08-31,57073.0
2021-09-01,57073.0
2021-09-02,57073.0
2021-09-03,57073.0
2021-09-04,57073.0
2021-09-05,57073.0
2021-09-06,57073.0
2021-09-07,57115.0
2021-09-08,57115.0
2021-09-09,57115.0
2021-09-10,57115.0
2021-09-11,57115.0
2021-09-12,57115.0
2021-09-13,57115.0
2021-09-14,58067.0
2021-09-15,58067.0
2021-09-16,58067.0
2021-09-17,58067.0
2021-09-18,58067.0
2021-09-19,58067.0
2021-09-20,58067.0
2021-09-21,60118.0
2021-09-22,60118.0
2021-09-23,60118.0
2021-09-24,60118.0
2021-09-25,60118.0
2021-09-26,60118.0
2021-09-27,60118.0
2021-09-28,65575.0
2021-09-29,65575.0
2021-09-30,65575.0
2021-10-01,65575.0
2021-10-02,65575.0
2021-10-03,65575.0
2021-10-04,65575.0
2021-10-05,66571.0
2021-10-06,66571.0
2021-10-07,66571.0
2021-10-08,66571.0
2021-10-09,66571.0
2021-10-10,66571.0
2021-10-11,66571.0
2021-10-12,69085.0
2021-10-13,69085.0
2021-10-14,69085.0
2021-10-15,69085.0
2021-10-16,69085.0
2021-10-17,69085.0
2021-10-18,69085.0
2021-10-19,68889.0
2021-10-20,68889.0
2021-10-21,68889.0
2021-10-22,68889.0
2021-10-23,68889.0
2021-10-24,68889.0
2021-10-25,68889.0
2021-10-26,67593.0
2021-10-27,67593.0
2021-10-28,67593.0
2021-10-29,67593.0
2021-10-30,67593.0
2021-10-31,67593.0
2021-11-01,67593.0
2021-11-02,64353.0
2021-11-03,64353.0
2021-11-04,64353.0
2021-11-05,64353.0
2021-11-06,64353.0
2021-11-07,64353.0
2021-11-08,64353.0
2021-11-09,60820.0
2021-11-10,60820.0
2021-11-11,60820.0
2021-11-12,60820.0
2021-11-13,60820.0
2021-11-14,60820.0
2021-11-15,60820.0
2021-11-16,66081.0
2021-11-17,66081.0
2021-11-18,66081.0
2021-11-19,66081.0
2021-11-20,66081.0
2021-11-21,66081.0
2021-11-22,66081.0
2021-11-23,67904.0
2021-11-24,67904.0
2021-11-25,67904.0
2021-11-26,67904.0
2021-11-27,67904.0
2021-11-28,67904.0
2021-11-29,67904.0
2021-11-30,66025.0
2021-12-01,66025.0
2021-12-02,66025.0
2021-12-03,66025.0
2021-12-04,66025.0
2021-12-05,66025.0
2021-12-06,66025.0
2021-12-07,62344.0
2021-12-08,62344.0
2021-12-09,62344.0
2021-12-10,62344.0
2021-12-11,62344.0
2021-12-12,62344.0
2021-12-13,62344.0
2021-12-14,60308.0
2021-12-15,60308.0
2021-12-16,60308.0
2021-12-17,60308.0
2021-12-18,60308.0
2021-12-19,60308.0
2021-12-20,60308.0
2021-12-21,56134.0
2021-12-22,56134.0
2021-12-23,56134.0
2021-12-24,56134.0
2021-12-25,56134.0
2021-12-26,56134.0
2021-12-27,56134.0
2021-12-28,55265.0
2021-12-29,55265.0
2021-12-30,55265.0
2021-12-31,55265.0
2022-01-01,55265.0
2022-01-02,55265.0
2022-01-03,55265.0
2022-01-04,54565.0
2022-01-05,54565.0
2022-01-06,54565.0
2022-01-07,54565.0
2022-01-08,54565.0
2022-01-09,54565.0
2022-01-10,54565.0
2022-01-11,60168.0
2022-01-12,60168.0
2022-01-13,60168.0
2022-01-14,60168.0
2022-01-15,60168.0
2022-01-16,60168.0
2022-01-17,60168.0
2022-01-18,63784.0
2022-01-19,63784.0
2022-01-20,63784.0
2022-01-21,63784.0
2022-01-22,63784.0
2022-01-23,63784.0
2022-01-24,63784.0
2022-01-25,61643.0
2022-01-26,61643.0
2022-01-27,61643.0
2022-01-28,61643.0
2022-01-29,61643.0
2022-01-30,61643.0
2022-01-31,61643.0
2022-02-01,61378.0
2022-02-02,61378.0
2022-02-03,61378.0
2022-02-04,61378.0
2022-02-05,61378.0
2022-02-06,61378.0
2022-02-07,61378.0
2022-02-08,66867.0
2022-02-09,66867.0
2022-02-10,66867.0
2022-02-11,66867.0
2022-02-12,66867.0
2022-02-13,66867.0
2022-02-14,66867.0
2022-02-15,70425.0
2022-02-16,70425.0
2022-02-17,70425.0
2022-02-18,70425.0
2022-02-19,70425.0
2022-02-20,70425.0
2022-02-21,70425.0
2022-02-22,67791.0
2022-02-23,67791.0
2022-02-24,67791.0
2022-02-25,67791.0
2022-02-26,67791.0
2022-02-27,67791.0
2022-02-28,67791.0
2022-03-01,61906.0
2022-03-02,61906.0
2022-03-03,61906.0
2022-03-04,61906.0
2022-03-05,61906.0
2022-03-06,61906.0
2022-03-07,61906.0
2022-03-08,52113.0
2022-03-09,52113.0
2022-03-10,52113.0
2022-03-11,52113.0
2022-03-12,52113.0
2022-03-13,52113.0
2022-03-14,52113.0
2022-03-15,45500.0
2022-03-16,45500.0
2022-03-17,45500.0
2022-03-18,45500.0
2022-03-19,45500.0
2022-03-20,45500.0
2022-03-21,45500.0
2022-03-22,41851.0
2022-03-23,41851.0
2022-03-24,41851.0
2022-03-25,41851.0
2022-03-26,41851.0
2022-03-27,41851.0
2022-03-28,41851.0
2022-03-29,38689.0
2022-03-30,38689.0
2022-03-31,38689.0
2022-04-01,38689.0
2022-04-02,38689.0
2022-04-03,38689.0
2022-04-04,38689.0
2022-04-05,43811.0
2022-04-06,43811.0
2022-04-07,43811.0
2022-04-08,43811.0
2022-04-09,43811.0
2022-04-10,43811.0
2022-04-11,43811.0
2022-04-12,47929.0
2022-04-13,47929.0
2022-04-14,47929.0
2022-04-15,47929.0
2022-04-16,47929.0
2022-04-17,47929.0
2022-04-18,47929.0
2022-04-19,41803.0
2022-04-20,41803.0
2022-04-21,41803.0
2022-04-22,41803.0
2022-04-23,41803.0
2022-04-24,41803.0
2022-04-25,41803.0
2022-04-26,41837.0
2022-04-27,41837.0
2022-04-28,41837.0
2022-04-29,41837.0
2022-04-30,41837.0
2022-05-01,41837.0
2022-05-02,41837.0
2022-05-03,40697.0
2022-05-04,40697.0
2022-05-05,40697.0
2022-05-06,40697.0
2022-05-07,40697.0
2022-05-08,40697.0
2022-05-09,40697.0
2022-05-10,32555.0
2022-05-11,32555.0
2022-05-12,32555.0
2022-05-13,32555.0
2022-05-14,32555.0
2022-05-15,32555.0
2022-05-16,32555.0
2022-05-17,38487.0
2022-05-18,38487.0
2022-05-19,38487.0
2022-05-20,38487.0
2022-05-21,38487.0
2022-05-22,38487.0
2022-05-23,38487.0
2022-05-24,37072.0
2022-05-25,37072.0
2022-05-26,37072.0
2022-05-27,37072.0
2022-05-28,37072.0
2022-05-29,37072.0
2022-05-30,37072.0
2022-05-31,43015.0
2022-06-01,43015.0
2022-06-02,43015.0
2022-06-03,43015.0
2022-06-04,43015.0
2022-06-05,43015.0
2022-06-06,43015.0
2022-06-07,48767.0
2022-06-08,48767.0
2022-06-09,48767.0
2022-06-10,48767.0
2022-06-11,48767.0
2022-06-12,48767.0
2022-06-13,48767.0
2022-06-14,46885.0
2022-06-15,46885.0
2022-06-16,46885.0
2022-06-17,46885.0
2022-06-18,46885.0
2022-06-19,46885.0
2022-06-20,46885.0
2022-06-21,49371.0
2022-06-22,49371.0
2022-06-23,49371.0
2022-06-24,49371.0
2022-06-25,49371.0
2022-06-26,49371.0
2022-06-27,49371.0
2022-06-28,45200.0
2022-06-29,45200.0
2022-06-30,45200.0
2022-07-01,45200.0
2022-07-02,45200.0
2022-07-03,45200.0
2022-07-04,45200.0
2022-07-05,46787.0
2022-07-06,46787.0
2022-07-07,46787.0
2022-07-08,46787.0
2022-07-09,46787.0
2022-07-10,46787.0
2022-07-11,46787.0
2022-07-12,34308.0
2022-07-13,34308.0
2022-07-14,34308.0
2022-07-15,34308.0
2022-07-16,34308.0
2022-07-17,34308.0
2022-07-18,34308.0
2022-07-19,27979.0
2022-07-20,27979.0
2022-07-21,27979.0
2022-07-22,27979.0
2022-07-23,27979.0
2022-07-24,27979.0
2022-07-25,27979.0
2022-07-26,28641.0
2022-07-27,28641.0
2022-07-28,28641.0
2022-07-29,28641.0
2022-07-30,28641.0
2022-07-31,28641.0
2022-08-01,28641.0
2022-08-02,27284.0
2022-08-03,27284.0
2022-08-04,27284.0
2022-08-05,27284.0
2022-08-06,27284.0
2022-08-07,27284.0
2022-08-08,27284.0
2022-08-09,30453.0
2022-08-10,30453.0
2022-08-11,30453.0
2022-08-12,30453.0
2022-08-13,30453.0
2022-08-14,30453.0
2022-08-15,30453.0
2022-08-16,33471.0
2022-08-17,33471.0
2022-08-18,33471.0
2022-08-19,33471.0
2022-08-20,33471.0
2022-08-21,33471.0
2022-08-22,33471.0
2022-08-23,38633.0
2022-08-24,38633.0
2022-08-25,38633.0
2022-08-26,38633.0
2022-08-27,38633.0
2022-08-28,38633.0
2022-08-29,38633.0
2022-08-30,48687.0
2022-08-31,48687.0
2022-09-01,48687.0
2022-09-02,48687.0
2022-09-03,48687.0
2022-09-04,48687.0
2022-09-05,48687.0
2022-09-06,47168.0
2022-09-07,47168.0
2022-09-08,47168.0
2022-09-09,47168.0
2022-09-10,47168.0
2022-09-11,47168.0
2022-09-12,47168.0
2022-09-13,42267.0
2022-09-14,42267.0
2022-09-15,42267.0
2022-09-16,42267.0
2022-09-17,42267.0
2022-09-18,42267.0
2022-09-19,42267.0
2022-09-20,41072.0
2022-09-21,41072.0
2022-09-22,41072.0
2022-09-23,41072.0
2022-09-24,41072.0
2022-09-25,41072.0
2022-09-26,41072.0
2022-09-27,44680.0
2022-09-28,44680.0
2022-09-29,44680.0
2022-09-30,44680.0
2022-10-01,44680.0
2022-10-02,44680.0
2022-10-03,44680.0
2022-10-04,42151.0
2022-10-05,42151.0
2022-10-06,42151.0
2022-10-07,42151.0
2022-10-08,42151.0
2022-10-09,42151.0
2022-10-10,42151.0
2022-10-11,40534.0
2022-10-12,40534.0
2022-10-13,40534.0
2022-10-14,40534.0
2022-10-15,40534.0
2022-10-16,40534.0
2022-10-17,40534.0
2022-10-18,19223.0
2022-10-19,19223.0
2022-10-20,19223.0
2022-10-21,19223.0
2022-10-22,19223.0
2022-10-23,19223.0
2022-10-24,19223.0
2022-10-25,11351.0
2022-10-26,11351.0
2022-10-27,11351.0
2022-10-28,11351.0
2022-10-29,11351.0
2022-10-30,11351.0
2022-10-31,11351.0
2022-11-01,2183.0
2022-11-02,2183.0
2022-11-03,2183.0
2022-11-04,2183.0
2022-11-05,2183.0
2022-11-06,2183.0
2022-11-07,2183.0
2022-11-08,-4683.0
2022-11-09,-4683.0
2022-11-10,-4683.0
2022-11-11,-4683.0
2022-11-12,-4683.0
2022-11-13,-4683.0
2022-11-14,-4683.0
2022-11-15,-14154.0
2022-11-16,-14154.0
2022-11-17,-14154.0
2022-11-18,-14154.0
2022-11-19,-14154.0
2022-11-20,-14154.0
2022-11-21,-14154.0
2022-11-22,-16186.0
2022-11-23,-16186.0
2022-11-24,-16186.0
2022-11-25,-16186.0
2022-11-26,-16186.0
2022-11-27,-16186.0
2022-11-28,-16186.0
2022-11-29,-14636.0
2022-11-30,-14636.0
2022-12-01,-14636.0
2022-12-02,-14636.0
2022-12-03,-14636.0
2022-12-04,-14636.0
2022-12-05,-14636.0
2022-12-06,-14642.0
2022-12-07,-14642.0
2022-12-08,-14642.0
2022-12-09,-14642.0
2022-12-10,-14642.0
2022-12-11,-14642.0
2022-12-12,-14642.0
2022-12-13,-9470.0
2022-12-14,-9470.0
2022-12-15,-9470.0
2022-12-16,-9470.0
2022-12-17,-9470.0
2022-12-18,-9470.0
2022-12-19,-9470.0
2022-12-20,-4281.0
2022-12-21,-4281.0
2022-12-22,-4281.0
2022-12-23,-4281.0
2022-12-24,-4281.0
2022-12-25,-4281.0
2022-12-26,-4281.0
2022-12-27,-2704.0
2022-12-28,-2704.0
2022-12-29,-2704.0
2022-12-30,-2704.0
2022-12-31,-2704.0
2023-01-01,-2704.0
2023-01-02,-2704.0
2023-01-03,-812.0
2023-01-04,-812.0
2023-01-05,-812.0
2023-01-06,-812.0
2023-01-07,-812.0
2023-01-08,-812.0
2023-01-09,-812.0
2023-01-10,-14739.0
2023-01-11,-14739.0
2023-01-12,-14739.0
2023-01-13,-14739.0
2023-01-14,-14739.0
2023-01-15,-14739.0
2023-01-16,-14739.0
2023-01-17,-26745.0
2023-01-18,-26745.0
2023-01-19,-26745.0
2023-01-20,-26745.0
2023-01-21,-26745.0
2023-01-22,-26745.0
2023-01-23,-26745.0
2023-01-24,-22728.0
2023-01-25,-22728.0
2023-01-26,-22728.0
2023-01-27,-22728.0
2023-01-28,-22728.0
2023-01-29,-22728.0
2023-01-30,-22728.0
2023-01-31,-1881.0
2023-02-01,-1881.0
2023-02-02,-1881.0
2023-02-03,-1881.0
2023-02-04,-1881.0
2023-02-05,-1881.0
2023-02-06,-1881.0
2023-02-07,2084.0
2023-02-08,2084.0
2023-02-09,2084.0
2023-02-10,2084.0
2023-02-11,2084.0
2023-02-12,2084.0
2023-02-13,2084.0
2023-02-14,5050.0
2023-02-15,5050.0
2023-02-16,5050.0
2023-02-17,5050.0
2023-02-18,5050.0
2023-02-19,5050.0
2023-02-20,5050.0
2023-02-21,12316.0
2023-02-22,12316.0
2023-02-23,12316.0
2023-02-24,12316.0
2023-02-25,12316.0
2023-02-26,12316.0
2023-02-27,12316.0
2023-02-28,16397.0
2023-03-01,16397.0
2023-03-02,16397.0
2023-03-03,16397.0
2023-03-04,16397.0
2023-03-05,16397.0
2023-03-06,16397.0
2023-03-07,15063.0
2023-03-08,15063.0
2023-03-09,15063.0
2023-03-10,15063.0
2023-03-11,15063.0
2023-03-12,15063.0
2023-03-13,15063.0
2023-03-14,12310.0
2023-03-15,12310.0
2023-03-16,12310.0
2023-03-17,12310.0
2023-03-18,12310.0
2023-03-19,12310.0
2023-03-20,12310.0
2023-03-21,18696.0
2023-03-22,18696.0
2023-03-23,18696.0
2023-03-24,18696.0
2023-03-25,18696.0
2023-03-26,18696.0
2023-03-27,18696.0
2023-03-28,16751.0
2023-03-29,16751.0
2023-03-30,16751.0
2023-03-31,16751.0
2023-04-01,16751.0
2023-04-02,16751.0
2023-04-03,16751.0
2023-04-04,12648.0
2023-04-05,12648.0
2023-04-06,12648.0
2023-04-07,12648.0
2023-04-08,12648.0
2023-04-09,12648.0
2023-04-10,12648.0
2023-04-11,24877.0
2023-04-12,24877.0
2023-04-13,24877.0
2023-04-14,24877.0
2023-04-15,24877.0
2023-04-16,24877.0
2023-04-17,24877.0
2023-04-18,37001.0
2023-04-19,37001.0
2023-04-20,37001.0
2023-04-21,37001.0
2023-04-22,37001.0
2023-04-23,37001.0
2023-04-24,37001.0
2023-04-25,36592.0
2023-04-26,36592.0
2023-04-27,36592.0
2023-04-28,36592.0
2023-04-29,36592.0
2023-04-30,36592.0
2023-05-01,36592.0
2023-05-02,33541.0
2023-05-03,33541.0
2023-05-04,33541.0
2023-05-05,33541.0
2023-05-06,33541.0
2023-05-07,33541.0
2023-05-08,33541.0
2023-05-09,29737.0
2023-05-10,29737.0
2023-05-11,29737.0
2023-05-12,29737.0
2023-05-13,29737.0
2023-05-14,29737.0
2023-05-15,29737.0
2023-05-16,31035.0
2023-05-17,31035.0
2023-05-18,31035.0
2023-05-19,31035.0
2023-05-20,31035.0
2023-05-21,31035.0
2023-05-22,31035.0
2023-05-23,32748.0
2023-05-24,32748.0
2023-05-25,32748.0
2023-05-26,32748.0
2023-05-27,32748.0
2023-05-28,32748.0
2023-05-29,32748.0
2023-05-30,23620.0
2023-05-31,23620.0
2023-06-01,23620.0
2023-06-02,23620.0
2023-06-03,23620.0
2023-06-04,23620.0
2023-06-05,23620.0
2023-06-06,28331.0
2023-06-07,28331.0
2023-06-08,28331.0
2023-06-09,28331.0
2023-06-10,28331.0
2023-06-11,28331.0
2023-06-12,28331.0
2023-06-13,33494.0
2023-06-14,33494.0
2023-06-15,33494.0
2023-06-16,33494.0
2023-06-17,33494.0
2023-06-18,33494.0
2023-06-19,33494.0
2023-06-20,27017.0
2023-06-21,27017.0
2023-06-22,27017.0
2023-06-23,27017.0
2023-06-24,27017.0
2023-06-25,27017.0
2023-06-26,27017.0
2023-06-27,8495.0
2023-06-28,8495.0
2023-06-29,8495.0
2023-06-30,8495.0
2023-07-01,8495.0
2023-07-02,8495.0
2023-07-03,1566.0
2023-07-04,1566.0
2023-07-05,1566.0
2023-07-06,1566.0
2023-07-07,1566.0
2023-07-08,1566.0
2023-07-09,1566.0
2023-07-10,1566.0
2023-07-11,-1606.0
2023-07-12,-1606.0
2023-07-13,-1606.0
2023-07-14,-1606.0
2023-07-15,-1606.0
2023-07-16,-1606.0
2023-07-17,-1606.0
2023-07-18,-7005.0
2023-07-19,-7005.0
2023-07-20,-7005.0
2023-07-21,-7005.0
2023-07-22,-7005.0
2023-07-23,-7005.0
2023-07-24,-7005.0
2023-07-25,-5965.0
2023-07-26,-5965.0
2023-07-27,-5965.0
2023-07-28,-5965.0
2023-07-29,-5965.0
2023-07-30,-5965.0
2023-07-31,-5965.0
2023-08-01,-4953.0
2023-08-02,-4953.0
2023-08-03,-4953.0
2023-08-04,-4953.0
2023-08-05,-4953.0
2023-08-06,-4953.0
2023-08-07,-4953.0
2023-08-08,-6546.0
2023-08-09,-6546.0
2023-08-10,-6546.0
2023-08-11,-6546.0
2023-08-12,-6546.0
2023-08-13,-6546.0
2023-08-14,-6546.0
2023-08-15,-18688.0
2023-08-16,-18688.0
2023-08-17,-18688.0
2023-08-18,-18688.0
2023-08-19,-18688.0
2023-08-20,-18688.0
2023-08-21,-18688.0
2023-08-22,-23066.0
2023-08-23,-23066.0
2023-08-24,-23066.0
2023-08-25,-23066.0
2023-08-26,-23066.0
2023-08-27,-23066.0
2023-08-28,-23066.0
2023-08-29,-21465.0
2023-08-30,-21465.0
2023-08-31,-21465.0
2023-09-01,-21465.0
2023-09-02,-21465.0
2023-09-03,-21465.0
2023-09-04,-21465.0
2023-09-05,-18451.0
2023-09-06,-18451.0
2023-09-07,-18451.0
2023-09-08,-18451.0
2023-09-09,-18451.0
2023-09-10,-18451.0
2023-09-11,-18451.0
2023-09-12,-16578.0
2023-09-13,-16578.0
2023-09-14,-16578.0
2023-09-15,-16578.0
2023-09-16,-16578.0
2023-09-17,-16578.0
2023-09-18,-16578.0
2023-09-19,-4408.0
2023-09-20,-4408.0
2023-09-21,-4408.0
2023-09-22,-4408.0
2023-09-23,-4408.0
2023-09-24,-4408.0
2023-09-25,-4408.0
2023-09-26,-8662.0
2023-09-27,-8662.0
2023-09-28,-8662.0
2023-09-29,-8662.0
2023-09-30,-8662.0
2023-10-01,-8662.0
2023-10-02,-8662.0
2023-10-03,-14449.0
2023-10-04,-14449.0
2023-10-05,-14449.0
2023-10-06,-14449.0
2023-10-07,-14449.0
2023-10-08,-14449.0
2023-10-09,-14449.0
2023-10-10,-15815.0
2023-10-11,-15815.0
2023-10-12,-15815.0
2023-10-13,-15815.0
2023-10-14,-15815.0
2023-10-15,-15815.0
2023-10-16,-15815.0
2023-10-17,-188.0
2023-10-18,-188.0
2023-10-19,-188.0
2023-10-20,-188.0
2023-10-21,-188.0
2023-10-22,-188.0
2023-10-23,-188.0
2023-10-24,18208.0
2023-10-25,18208.0
2023-10-26,18208.0
2023-10-27,18208.0
2023-10-28,18208.0
2023-10-29,18208.0
2023-10-30,18208.0
2023-10-31,22279.0
2023-11-01,22279.0
2023-11-02,22279.0
2023-11-03,22279.0
2023-11-04,22279.0
2023-11-05,22279.0
2023-11-06,22279.0
2023-11-07,26975.0
2023-11-08,26975.0
2023-11-09,26975.0
2023-11-10,26975.0
2023-11-11,26975.0
2023-11-12,26975.0
2023-11-13,26975.0
2023-11-14,28667.0
2023-11-15,28667.0
2023-11-16,28667.0
2023-11-17,28667.0
2023-11-18,28667.0
2023-11-19,28667.0
2023-11-20,28667.0
2023-11-21,30334.0
2023-11-22,30334.0
2023-11-23,30334.0
2023-11-24,30334.0
2023-11-25,30334.0
2023-11-26,30334.0
2023-11-27,30334.0
2023-11-28,30558.0
2023-11-29,30558.0
2023-11-30,30558.0
2023-12-01,30558.0
2023-12-02,30558.0
2023-12-03,30558.0
2023-12-04,30558.0
2023-12-05,34260.0
2023-12-06,34260.0
2023-12-07,34260.0
2023-12-08,34260.0
2023-12-09,34260.0
2023-12-10,34260.0
2023-12-11,34260.0
2023-12-12,36568.0
2023-12-13,36568.0
2023-12-14,36568.0
2023-12-15,36568.0
2023-12-16,36568.0
2023-12-17,36568.0
2023-12-18,36568.0
2023-12-19,45256.0
2023-12-20,45256.0
2023-12-21,45256.0
2023-12-22,45256.0
2023-12-23,45256.0
2023-12-24,45256.0
2023-12-25,45256.0
2023-12-26,43916.0
2023-12-27,43916.0
2023-12-28,43916.0
2023-12-29,43916.0
2023-12-30,43916.0
2023-12-31,43916.0
2024-01-01,43916.0
2024-01-02,43428.0
2024-01-03,43428.0
2024-01-04,43428.0
2024-01-05,43428.0
2024-01-06,43428.0
2024-01-07,43428.0
2024-01-08,43428.0
2024-01-09,45588.0
2024-01-10,45588.0
2024-01-11,45588.0
2024-01-12,45588.0
2024-01-13,45588.0
2024-01-14,45588.0
2024-01-15,45588.0
2024-01-16,49382.0
2024-01-17,49382.0
2024-01-18,49382.0
2024-01-19,49382.0
2024-01-20,49382.0
2024-01-21,49382.0
2024-01-22,49382.0
2024-01-23,52898.0
2024-01-24,52898.0
2024-01-25,52898.0
2024-01-26,52898.0
2024-01-27,52898.0
2024-01-28,52898.0
2024-01-29,52898.0
2024-01-30,56119.0
2024-01-31,56119.0
2024-02-01,56119.0
2024-02-02,56119.0
2024-02-03,56119.0
2024-02-04,56119.0
2024-02-05,56119.0
2024-02-06,54983.0
2024-02-07,54983.0
2024-02-08,54983.0
2024-02-09,54983.0
2024-02-10,54983.0
2024-02-11,54983.0
2024-02-12,54983.0
2024-02-13,60084.0
2024-02-14,60084.0
2024-02-15,60084.0
2024-02-16,60084.0
2024-02-17,60084.0
2024-02-18,60084.0
2024-02-19,60084.0
2024-02-20,55863.0
2024-02-21,55863.0
2024-02-22,55863.0
2024-02-23,55863.0
2024-02-24,55863.0
2024-02-25,55863.0
2024-02-26,55863.0
2024-02-27,51700.0
2024-02-28,51700.0
2024-02-29,51700.0
2024-03-01,51700.0
2024-03-02,51700.0
2024-03-03,51700.0
2024-03-04,51700.0
2024-03-05,53472.0
2024-03-06,53472.0
2024-03-07,53472.0
2024-03-08,53472.0
2024-03-09,53472.0
2024-03-10,53472.0
2024-03-11,53472.0
2024-03-12,56431.0
2024-03-13,56431.0
2024-03-14,56431.0
2024-03-15,56431.0
2024-03-16,56431.0
2024-03-17,56431.0
2024-03-18,56431.0
2024-03-19,50165.0
2024-03-20,50165.0
2024-03-21,50165.0
2024-03-22,50165.0
2024-03-23,50165.0
2024-03-24,50165.0
2024-03-25,50165.0
2024-03-26,56035.0
2024-03-27,56035.0
2024-03-28,56035.0
2024-03-29,56035.0
2024-03-30,56035.0
2024-03-31,56035.0
2024-04-01,56035.0
2024-04-02,67482.0
2024-04-03,67482.0
2024-04-04,67482.0
2024-04-05,67482.0
2024-04-06,67482.0
2024-04-07,67482.0
2024-04-08,67482.0
2024-04-09,73563.0
2024-04-10,73563.0
2024-04-11,73563.0
2024-04-12,73563.0
2024-04-13,73563.0
2024-04-14,73563.0
2024-04-15,73563.0
2024-04-16,76071.0
2024-04-17,76071.0
2024-04-18,76071.0
2024-04-19,76071.0
2024-04-20,76071.0
2024-04-21,76071.0
2024-04-22,76071.0
2024-04-23,71914.0
2024-04-24,71914.0
2024-04-25,71914.0
2024-04-26,71914.0
2024-04-27,71914.0
2024-04-28,71914.0
2024-04-29,71914.0
2024-04-30,68590.0
2024-05-01,68590.0
2024-05-02,68590.0
2024-05-03,68590.0
2024-05-04,68590.0
2024-05-05,68590.0
2024-05-06,68590.0
2024-05-07,62877.0
2024-05-08,62877.0
2024-05-09,62877.0
2024-05-10,62877.0
2024-05-11,62877.0
2024-05-12,62877.0
2024-05-13,62877.0
2024-05-14,57211.0
2024-05-15,57211.0
2024-05-16,57211.0
2024-05-17,57211.0
2024-05-18,57211.0
2024-05-19,57211.0
2024-05-20,57211.0
2024-05-21,59386.0
2024-05-22,59386.0
2024-05-23,59386.0
2024-05-24,59386.0
2024-05-25,59386.0
2024-05-26,59386.0
2024-05-27,59386.0
2024-05-28,63033.0
2024-05-29,63033.0
2024-05-30,63033.0
2024-05-31,63033.0
2024-06-01,63033.0
2024-06-02,63033.0
2024-06-03,63033.0
2024-06-04,67649.0
2024-06-05,67649.0
2024-06-06,67649.0
2024-06-07,67649.0
2024-06-08,67649.0
2024-06-09,67649.0
2024-06-10,67649.0
2024-06-11,63445.0
2024-06-12,63445.0
2024-06-13,63445.0
2024-06-14,63445.0
2024-06-15,63445.0
2024-06-16,63445.0
2024-06-17,63445.0
2024-06-18,67549.0
2024-06-19,67549.0
2024-06-20,67549.0
2024-06-21,67549.0
2024-06-22,67549.0
2024-06-23,67549.0
2024-06-24,67549.0
2024-06-25,70712.0
2024-06-26,70712.0
2024-06-27,70712.0
2024-06-28,70712.0
2024-06-29,70712.0
2024-06-30,70712.0
2024-07-01,70712.0
2024-07-02,67761.0
2024-07-03,67761.0
2024-07-04,67761.0
2024-07-05,67761.0
2024-07-06,67761.0
2024-07-07,67761.0
2024-07-08,67761.0
2024-07-09,75420.0
2024-07-10,75420.0
2024-07-11,75420.0
2024-07-12,75420.0
2024-07-13,75420.0
2024-07-14,75420.0
2024-07-15,75420.0
2024-07-16,70979.0
2024-07-17,70979.0
2024-07-18,70979.0
2024-07-19,70979.0
2024-07-20,70979.0
2024-07-21,70979.0
2024-07-22,70979.0
2024-07-23,66500.0
2024-07-24,66500.0
2024-07-25,66500.0
2024-07-26,66500.0
2024-07-27,66500.0
2024-07-28,66500.0
2024-07-29,66500.0
2024-07-30,63016.0
2024-07-31,63016.0
2024-08-01,63016.0
2024-08-02,63016.0
2024-08-03,63016.0
2024-08-04,63016.0
2024-08-05,63016.0
2024-08-06,59207.0
2024-08-07,59207.0
2024-08-08,59207.0
2024-08-09,59207.0
2024-08-10,59207.0
2024-08-11,59207.0
2024-08-12,59207.0
2024-08-13,58940.0
2024-08-14,58940.0
2024-08-15,58940.0
2024-08-16,58940.0
2024-08-17,58940.0
2024-08-18,58940.0
2024-08-19,58940.0
2024-08-20,64158.0
2024-08-21,64158.0
2024-08-22,64158.0
2024-08-23,64158.0
2024-08-24,64158.0
2024-08-25,64158.0
2024-08-26,64158.0
2024-08-27,66907.0
2024-08-28,66907.0
2024-08-29,66907.0
2024-08-30,66907.0
2024-08-31,66907.0
2024-09-01,66907.0
2024-09-02,66907.0
2024-09-03,63921.0
2024-09-04,63921.0
2024-09-05,63921.0
2024-09-06,63921.0
2024-09-07,63921.0
2024-09-08,63921.0
2024-09-09,63921.0
2024-09-10,63447.0
2024-09-11,63447.0
2024-09-12,63447.0
2024-09-13,63447.0
2024-09-14,63447.0
2024-09-15,63447.0
2024-09-16,63447.0
2024-09-17,70128.0
2024-09-18,70128.0
2024-09-19,70128.0
2024-09-20,70128.0
2024-09-21,70128.0
2024-09-22,70128.0
2024-09-23,70128.0
2024-09-24,68519.0
2024-09-25,68519.0
2024-09-26,68519.0
2024-09-27,68519.0
2024-09-28,68519.0
2024-09-29,68519.0
2024-09-30,68519.0
2024-10-01,67813.0
2024-10-02,67813.0
2024-10-03,67813.0
2024-10-04,67813.0
2024-10-05,67813.0
2024-10-06,67813.0
2024-10-07,67813.0
2024-10-08,62715.0
2024-10-09,62715.0
2024-10-10,62715.0
2024-10-11,62715.0
2024-10-12,62715.0
2024-10-13,62715.0
2024-10-14,62715.0
2024-10-15,66950.0
2024-10-16,66950.0
2024-10-17,66950.0
2024-10-18,66950.0
2024-10-19,66950.0
2024-10-20,66950.0
2024-10-21,66950.0
2024-10-22,66304.0
2024-10-23,66304.0
2024-10-24,66304.0
2024-10-25,66304.0
2024-10-26,66304.0
2024-10-27,66304.0
2024-10-28,66304.0
2024-10-29,65301.0
2024-10-30,65301.0
2024-10-31,65301.0
2024-11-01,65301.0
2024-11-02,65301.0
2024-11-03,65301.0
2024-11-04,65301.0
2024-11-05,62977.0
2024-11-06,62977.0
2024-11-07,62977.0
2024-11-08,62977.0
2024-11-09,62977.0
2024-11-10,62977.0
2024-11-11,62977.0
2024-11-12,68468.0
2024-11-13,68468.0
2024-11-14,68468.0
2024-11-15,68468.0
2024-11-16,68468.0
2024-11-17,68468.0
2024-11-18,68468.0
2024-11-19,68918.0
2024-11-20,68918.0
2024-11-21,68918.0
2024-11-22,68918.0
2024-11-23,68918.0
2024-11-24,68918.0
2024-11-25,68918.0
2024-11-26,70613.0
2024-11-27,70613.0
2024-11-28,70613.0
2024-11-29,70613.0
2024-11-30,70613.0
2024-12-01,70613.0
2024-12-02,70613.0
2024-12-03,66727.0
2024-12-04,66727.0
2024-12-05,66727.0
2024-12-06,66727.0
2024-12-07,66727.0
2024-12-08,66727.0
2024-12-09,66727.0
2024-12-10,62074.0
2024-12-11,62074.0
2024-12-12,62074.0
2024-12-13,62074.0
2024-12-14,62074.0
2024-12-15,62074.0
2024-12-16,62074.0
2024-12-17,62147.0
2024-12-18,62147.0
2024-12-19,62147.0
2024-12-20,62147.0
2024-12-21,62147.0
2024-12-22,62147.0
2024-12-23,62147.0
2024-12-24,64157.0
2024-12-25,64157.0
2024-12-26,64157.0
2024-12-27,64157.0
2024-12-28,64157.0
2024-12-29,64157.0
2024-12-30,64157.0
2024-12-31,62767.0
2025-01-01,62767.0
2025-01-02,62767.0
2025-01-03,62767.0
2025-01-04,62767.0
2025-01-05,62767.0
2025-01-06,62767.0
2025-01-07,64134.0
2025-01-08,64134.0
2025-01-09,64134.0
2025-01-10,64134.0
2025-01-11,64134.0
2025-01-12,64134.0
2025-01-13,64134.0
2025-01-14,72642.0
2025-01-15,72642.0
2025-01-16,72642.0
2025-01-17,72642.0
2025-01-18,72642.0
2025-01-19,72642.0
2025-01-20,72642.0
2025-01-21,74291.0
2025-01-22,74291.0
2025-01-23,74291.0
2025-01-24,74291.0
2025-01-25,74291.0
2025-01-26,74291.0
2025-01-27,74291.0
2025-01-28,76520.0
2025-01-29,76520.0
2025-01-30,76520.0
2025-01-31,76520.0
2025-02-01,76520.0
2025-02-02,76520.0
2025-02-03,76520.0
2025-02-04,71878.0
2025-02-05,71878.0
2025-02-06,71878.0
2025-02-07,71878.0
2025-02-08,71878.0
2025-02-09,71878.0
2025-02-10,71878.0
2025-02-11,63697.0
2025-02-12,63697.0
2025-02-13,63697.0
2025-02-14,63697.0
2025-02-15,63697.0
2025-02-16,63697.0
2025-02-17,63697.0
2025-02-18,61698.0
2025-02-19,61698.0
2025-02-20,61698.0
2025-02-21,61698.0
2025-02-22,61698.0
2025-02-23,61698.0
2025-02-24,61698.0
2025-02-25,59183.0
2025-02-26,59183.0
2025-02-27,59183.0
2025-02-28,59183.0
2025-03-01,59183.0
2025-03-02,59183.0
2025-03-03,59183.0
2025-03-04,58837.0
2025-03-05,58837.0
2025-03-06,58837.0
2025-03-07,58837.0
2025-03-08,58837.0
2025-03-09,58837.0
2025-03-10,58837.0
2025-03-11,56456.0
2025-03-12,56456.0
2025-03-13,56456.0
2025-03-14,56456.0
2025-03-15,56456.0
2025-03-16,56456.0
2025-03-17,56456.0
2025-03-18,56130.0
2025-03-19,56130.0
2025-03-20,56130.0
2025-03-21,56130.0
2025-03-22,56130.0
2025-03-23,56130.0
2025-03-24,56130.0
2025-03-25,58452.0
2025-03-26,58452.0
2025-03-27,58452.0
2025-03-28,58452.0
2025-03-29,58452.0
2025-03-30,58452.0
2025-03-31,58452.0
2025-04-01,54063.0
2025-04-02,54063.0
2025-04-03,54063.0
2025-04-04,54063.0
2025-04-05,54063.0
2025-04-06,54063.0
2025-04-07,54063.0
2025-04-08,43479.0
2025-04-09,43479.0
2025-04-10,43479.0
2025-04-11,43479.0
2025-04-12,43479.0
2025-04-13,43479.0
2025-04-14,43479.0
2025-04-15,39934.0
2025-04-16,39934.0
2025-04-17,39934.0
2025-04-18,39934.0
2025-04-19,39934.0
2025-04-20,39934.0
2025-04-21,39934.0
2025-04-22,41056.0
2025-04-23,41056.0
2025-04-24,41056.0
2025-04-25,41056.0
2025-04-26,41056.0
2025-04-27,41056.0
2025-04-28,41056.0
2025-04-29,49289.0
2025-04-30,49289.0
2025-05-01,49289.0
2025-05-02,49289.0
2025-05-03,49289.0
2025-05-04,49289.0
2025-05-05,49289.0
2025-05-06,49341.0
2025-05-07,49341.0
2025-05-08,49341.0
2025-05-09,49341.0
2025-05-10,49341.0
2025-05-11,49341.0
2025-05-12,49341.0
2025-05-13,46070.0
2025-05-14,46070.0
2025-05-15,46070.0
2025-05-16,46070.0
2025-05-17,46070.0
2025-05-18,46070.0
2025-05-19,46070.0
2025-05-20,43300.0
2025-05-21,43300.0
2025-05-22,43300.0
2025-05-23,43300.0
2025-05-24,43300.0
2025-05-25,43300.0
2025-05-26,43300.0
2025-05-27,40515.0
2025-05-28,40515.0
2025-05-29,40515.0
2025-05-30,40515.0
2025-05-31,40515.0
2025-06-01,40515.0
2025-06-02,40515.0
2025-06-03,35017.0
2025-06-04,35017.0
2025-06-05,35017.0
2025-06-06,35017.0
2025-06-07,35017.0
2025-06-08,35017.0
2025-06-09,35017.0
2025-06-10,37306.0
2025-06-11,37306.0
2025-06-12,37306.0
2025-06-13,37306.0
2025-06-14,37306.0
2025-06-15,37306.0
2025-06-16,37306.0
2025-06-17,35904.0
2025-06-18,35904.0
2025-06-19,35904.0
2025-06-20,35904.0
2025-06-21,35904.0
2025-06-22,35904.0
2025-06-23,35904.0
2025-06-24,31154.0
2025-06-25,31154.0
2025-06-26,31154.0
2025-06-27,31154.0
2025-06-28,31154.0
2025-06-29,31154.0
2025-06-30,31154.0
2025-07-01,28958.0
2025-07-02,28958.0
2025-07-03,28958.0
2025-07-04,28958.0
2025-07-05,28958.0
2025-07-06,28958.0
2025-07-07,28958.0
2025-07-08,28921.0
2025-07-09,28921.0
2025-07-10,28921.0
2025-07-11,28921.0
2025-07-12,28921.0
2025-07-13,28921.0
2025-07-14,28921.0
2025-07-15,31133.0
2025-07-16,31133.0
2025-07-17,31133.0
2025-07-18,31133.0
2025-07-19,31133.0
2025-07-20,31133.0
2025-07-21,31133.0
2025-07-22,31117.0
2025-07-23,31117.0
2025-07-24,31117.0
2025-07-25,31117.0
2025-07-26,31117.0
2025-07-27,31117.0
2025-07-28,31117.0
2025-07-29,29846.0
2025-07-30,29846.0
2025-07-31,29846.0
2025-08-01,29846.0
2025-08-02,29846.0
2025-08-03,29846.0
2025-08-04,29846.0
2025-08-05,29258.0
2025-08-06,29258.0
2025-08-07,29258.0
2025-08-08,29258.0
2025-08-09,29258.0
2025-08-10,29258.0
2025-08-11,29258.0
2025-08-12,26202.0
2025-08-13,26202.0
2025-08-14,26202.0
2025-08-15,26202.0
2025-08-16,26202.0
2025-08-17,26202.0
2025-08-18,26202.0
2025-08-19,28660.0
2025-08-20,28660.0
2025-08-21,28660.0
2025-08-22,28660.0
2025-08-23,28660.0
2025-08-24,28660.0
2025-08-25,28660.0
2025-08-26,31274.0
2025-08-27,31274.0
2025-08-28,31274.0
2025-08-29,31274.0
2025-08-30,31274.0
2025-08-31,31274.0
2025-09-01,31274.0
2025-09-02,34986.0
2025-09-03,34986.0
2025-09-04,34986.0
2025-09-05,34986.0
2025-09-06,34986.0
2025-09-07,34986.0
2025-09-08,34986.0
2025-09-09,38517.0
2025-09-10,38517.0
2025-09-11,38517.0
2025-09-12,38517.0
2025-09-13,38517.0
2025-09-14,38517.0
2025-09-15,38517.0
2025-09-16,40176.0
2025-09-17,40176.0
2025-09-18,40176.0
2025-09-19,40176.0
2025-09-20,40176.0
2025-09-21,40176.0
2025-09-22,40176.0
2025-09-23,36708.0
2025-09-24,36708.0
2025-09-25,36708.0
2025-09-26,36708.0
2025-09-27,36708.0
2025-09-28,36708.0
2025-09-29,36708.0
2025-09-30,37907.0
2025-10-01,37907.0
2025-10-02,37907.0
2025-10-03,37907.0
2025-10-04,37907.0
2025-10-05,37907.0
2025-10-06,37907.0
2025-10-07,39260.0
2025-10-08,39260.0
2025-10-09,39260.0
2025-10-10,39260.0
2025-10-11,39260.0
2025-10-12,39260.0
2025-10-13,39260.0
2025-10-14,42298.0
2025-10-15,42298.0
2025-10-16,42298.0
2025-10-17,42298.0
2025-10-18,42298.0
2025-10-19,42298.0
2025-10-20,42298.0
2025-10-21,44343.0
2025-10-22,44343.0
2025-10-23,44343.0
2025-10-24,44343.0
2025-10-25,44343.0
2025-10-26,44343.0
2025-10-27,44343.0
2025-10-28,44145.0
2025-10-29,44145.0
2025-10-30,44145.0
2025-10-31,44145.0
2025-11-01,44145.0
2025-11-02,44145.0
2025-11-03,44145.0
2025-11-04,44258.0
2025-11-05,44258.0
2025-11-06,44258.0
2025-11-07,44258.0
2025-11-08,44258.0
2025-11-09,44258.0
2025-11-10,43297.0
2025-11-11,43297.0
2025-11-12,43297.0
2025-11-13,43297.0
2025-11-14,43297.0
2025-11-15,43297.0
2025-11-16,43297.0
2025-11-17,43297.0
2025-11-18,38530.0
2025-11-19,38530.0
2025-11-20,38530.0
2025-11-21,38530.0
2025-11-22,38530.0
2025-11-23,38530.0
2025-11-24,38530.0
2025-11-25,35987.0
2025-11-26,35987.0
2025-11-27,35987.0
2025-11-28,35987.0
2025-11-29,35987.0
2025-11-30,35987.0
2025-12-01,35987.0
2025-12-02,35350.0
2025-12-03,35350.0
2025-12-04,35350.0
2025-12-05,35350.0
2025-12-06,35350.0
2025-12-07,35350.0
2025-12-08,35350.0
2025-12-09,34747.0
2025-12-10,34747.0
2025-12-11,34747.0
2025-12-12,34747.0
2025-12-13,34747.0
2025-12-14,34747.0
2025-12-15,34747.0
2025-12-16,29904.0
2025-12-17,29904.0
2025-12-18,29904.0
2025-12-19,29904.0
2025-12-20,29904.0
2025-12-21,29904.0
2025-12-22,29904.0
2025-12-23,23673.0
2025-12-24,23673.0
2025-12-25,23673.0
2025-12-26,23673.0
2025-12-27,23673.0
2025-12-28,23673.0
2025-12-29,23673.0
2025-12-30,24543.0
2025-12-31,24543.0
2026-01-01,24543.0
2026-01-02,24543.0
2026-01-03,24543.0
2026-01-04,24543.0
2026-01-05,24543.0
2026-01-06,30536.0
2026-01-07,30536.0
2026-01-08,30536.0
2026-01-09,30536.0
2026-01-10,30536.0
2026-01-11,30536.0
2026-01-12,30536.0
2026-01-13,32752.0
2026-01-14,32752.0
2026-01-15,32752.0
2026-01-16,32752.0
2026-01-17,32752.0
2026-01-18,32752.0
2026-01-19,32752.0
2026-01-20,29763.0
2026-01-21,29763.0
2026-01-22,29763.0
2026-01-23,29763.0
2026-01-24,29763.0
2026-01-25,29763.0
2026-01-26,29763.0
2026-01-27,32734.0
