Date;LRC-TOT-VG (COMM_LAST)
;Close
28.1.2026;4558
27.1.2026;4560
26.1.2026;4662
23.1.2026;4609
22.1.2026;4532
21.1.2026;4450
20.1.2026;4364
19.1.2026;4309
16.1.2026;4249
15.1.2026;4276
14.1.2026;4187
13.1.2026;4221
12.1.2026;4149
09.1.2026;4132
08.1.2026;4136
07.1.2026;4136
06.1.2026;4152
05.1.2026;4164
02.1.2026;4210
31.12.2025;4221
30.12.2025;4221
29.12.2025;4259
24.12.2025;4278
23.12.2025;4278
22.12.2025;4207
19.12.2025;4145
18.12.2025;4154
17.12.2025;4154
16.12.2025;4097
15.12.2025;4055
12.12.2025;4110
11.12.2025;4070
10.12.2025;4012
09.12.2025;4018
08.12.2025;4021
05.12.2025;4049
04.12.2025;4056
03.12.2025;4115
02.12.2025;4120
01.12.2025;4342
28.11.2025;4530
27.11.2025;4738
26.11.2025;4911
25.11.2025;5134
24.11.2025;5370
21.11.2025;5567
20.11.2025;5640
19.11.2025;5670
18.11.2025;5754
17.11.2025;5648
14.11.2025;5723
13.11.2025;5760
12.11.2025;5879
11.11.2025;5868
10.11.2025;5873
07.11.2025;5926
06.11.2025;6030
05.11.2025;6036
04.11.2025;6053
03.11.2025;6053
31.10.2025;6077
30.10.2025;6111
29.10.2025;6111
28.10.2025;6115
27.10.2025;6122
24.10.2025;6130
23.10.2025;6141
22.10.2025;6141
21.10.2025;6152
20.10.2025;6160
17.10.2025;6176
16.10.2025;6177
15.10.2025;6200
14.10.2025;6228
13.10.2025;6230
10.10.2025;6237
09.10.2025;6237
08.10.2025;6237
07.10.2025;6293
06.10.2025;6333
03.10.2025;6345
02.10.2025;6345
01.10.2025;6450
30.9.2025;6456
29.9.2025;6469
26.9.2025;6469
25.9.2025;6471
24.9.2025;6496
23.9.2025;6478
22.9.2025;6481
19.9.2025;6464
18.9.2025;6517
17.9.2025;6551
16.9.2025;6554
15.9.2025;6556
12.9.2025;6557
11.9.2025;6563
10.9.2025;6608
09.9.2025;6638
08.9.2025;6644
05.9.2025;6654
04.9.2025;6649
03.9.2025;6663
02.9.2025;6691
01.9.2025;6724
29.8.2025;6726
28.8.2025;6552
27.8.2025;6611
26.8.2025;6614
22.8.2025;6642
21.8.2025;6647
20.8.2025;6732
19.8.2025;6749
18.8.2025;6916
15.8.2025;6907
14.8.2025;6910
13.8.2025;6928
12.8.2025;6976
11.8.2025;6981
08.8.2025;6992
07.8.2025;6989
06.8.2025;6992
05.8.2025;7003
04.8.2025;7008
01.8.2025;7012
31.7.2025;7000
30.7.2025;7015
29.7.2025;7022
28.7.2025;7029
25.7.2025;6882
24.7.2025;6519
23.7.2025;6410
22.7.2025;6401
21.7.2025;6243
18.7.2025;5995
17.7.2025;5737
16.7.2025;5611
15.7.2025;5492
14.7.2025;5477
11.7.2025;5349
10.7.2025;5298
09.7.2025;5270
08.7.2025;5215
07.7.2025;5131
04.7.2025;5134
03.7.2025;5153
02.7.2025;5159
01.7.2025;5174
30.6.2025;5146
27.6.2025;5108
26.6.2025;5108
25.6.2025;5123
24.6.2025;5126
23.6.2025;5137
20.6.2025;5142
19.6.2025;5143
18.6.2025;5150
17.6.2025;5157
16.6.2025;5177
13.6.2025;5177
12.6.2025;5184
11.6.2025;5256
10.6.2025;5275
09.6.2025;5275
06.6.2025;5287
05.6.2025;5306
04.6.2025;5312
03.6.2025;5409
02.6.2025;5409
30.5.2025;5409
29.5.2025;5409
28.5.2025;5426
27.5.2025;5428
23.5.2025;5438
22.5.2025;5425
21.5.2025;5341
20.5.2025;5211
19.5.2025;4955
16.5.2025;4890
15.5.2025;4755
14.5.2025;4626
13.5.2025;4557
12.5.2025;4507
09.5.2025;4418
08.5.2025;4308
07.5.2025;4257
06.5.2025;4276
02.5.2025;4292
01.5.2025;4225
30.4.2025;4225
29.4.2025;4230
28.4.2025;4242
25.4.2025;4245
24.4.2025;4251
23.4.2025;4251
22.4.2025;4260
17.4.2025;4272
16.4.2025;4276
15.4.2025;4227
14.4.2025;4249
11.4.2025;4253
10.4.2025;4260
09.4.2025;4289
08.4.2025;4291
07.4.2025;4304
04.4.2025;4308
03.4.2025;4310
02.4.2025;4342
01.4.2025;4345
31.3.2025;4394
28.3.2025;4394
27.3.2025;4397
26.3.2025;4407
24.3.2025;4327
21.3.2025;4360
20.3.2025;4312
19.3.2025;4336
18.3.2025;4316
17.3.2025;4320
14.3.2025;4288
13.3.2025;4303
12.3.2025;4311
11.3.2025;4321
10.3.2025;4347
07.3.2025;4356
06.3.2025;4320
05.3.2025;4329
04.3.2025;4331
03.3.2025;4284
28.2.2025;4247
27.2.2025;4273
26.2.2025;4296
25.2.2025;4312
24.2.2025;4321
21.2.2025;4322
20.2.2025;4347
19.2.2025;4355
18.2.2025;4297
17.2.2025;4310
14.2.2025;4313
13.2.2025;4332
12.2.2025;4348
11.2.2025;4351
10.2.2025;4351
07.2.2025;4363
06.2.2025;4396
05.2.2025;4409
04.2.2025;4422
03.2.2025;4459
31.1.2025;4463
30.1.2025;4466
29.1.2025;4545
28.1.2025;4593
27.1.2025;4603
24.1.2025;4603
23.1.2025;4592
22.1.2025;4507
21.1.2025;4506
20.1.2025;4451
17.1.2025;4422
16.1.2025;4359
15.1.2025;4359
14.1.2025;4369
13.1.2025;4392
10.1.2025;4393
09.1.2025;4401
08.1.2025;4415
07.1.2025;4413
06.1.2025;4389
03.1.2025;4346
02.1.2025;4348
31.12.2024;4355
30.12.2024;4286
27.12.2024;4286
24.12.2024;4092
23.12.2024;3995
20.12.2024;3996
19.12.2024;3871
18.12.2024;3912
17.12.2024;3800
16.12.2024;3672
13.12.2024;3674
12.12.2024;3690
11.12.2024;3690
10.12.2024;3690
09.12.2024;3690
06.12.2024;3674
05.12.2024;3683
04.12.2024;3746
03.12.2024;3778
02.12.2024;3837
29.11.2024;3847
28.11.2024;3849
27.11.2024;3855
26.11.2024;3855
25.11.2024;3858
22.11.2024;3905
21.11.2024;3908
20.11.2024;3919
19.11.2024;3921
18.11.2024;3923
15.11.2024;3905
14.11.2024;3918
13.11.2024;3920
12.11.2024;3854
11.11.2024;3856
08.11.2024;3857
07.11.2024;3864
06.11.2024;3864
05.11.2024;3904
04.11.2024;3907
01.11.2024;3907
31.10.2024;3926
30.10.2024;3939
29.10.2024;3965
28.10.2024;3967
25.10.2024;3934
24.10.2024;3936
23.10.2024;3975
22.10.2024;4020
21.10.2024;4020
18.10.2024;4020
17.10.2024;4024
16.10.2024;4054
15.10.2024;4179
14.10.2024;4229
11.10.2024;4191
10.10.2024;4253
09.10.2024;4290
08.10.2024;4253
07.10.2024;4284
04.10.2024;4308
03.10.2024;4379
02.10.2024;4429
01.10.2024;4436
30.9.2024;4438
27.9.2024;4867
26.9.2024;4894
25.9.2024;4899
24.9.2024;4921
23.9.2024;4890
20.9.2024;5408
19.9.2024;5367
18.9.2024;5405
17.9.2024;5583
16.9.2024;5585
13.9.2024;5591
12.9.2024;6010
11.9.2024;6064
10.9.2024;6047
09.9.2024;6111
06.9.2024;6113
05.9.2024;6124
04.9.2024;6126
03.9.2024;6036
02.9.2024;6038
30.8.2024;6062
29.8.2024;6126
28.8.2024;6163
27.8.2024;6172
23.8.2024;6298
22.8.2024;6303
21.8.2024;6264
20.8.2024;6274
19.8.2024;6290
16.8.2024;6321
15.8.2024;6321
14.8.2024;6304
13.8.2024;6151
12.8.2024;6190
09.8.2024;6195
08.8.2024;6210
07.8.2024;6231
06.8.2024;6282
05.8.2024;6316
02.8.2024;6338
01.8.2024;6338
31.7.2024;6381
30.7.2024;6450
29.7.2024;6490
26.7.2024;6511
25.7.2024;6521
24.7.2024;6478
23.7.2024;6381
22.7.2024;6277
19.7.2024;6128
18.7.2024;6023
17.7.2024;6119
16.7.2024;6098
15.7.2024;6078
12.7.2024;6065
11.7.2024;6048
10.7.2024;6057
09.7.2024;5986
08.7.2024;5944
04.7.2024;5933
03.7.2024;5958
02.7.2024;5960
01.7.2024;5824
28.6.2024;5837
27.6.2024;5932
26.6.2024;5952
25.6.2024;5919
24.6.2024;5932
21.6.2024;5969
19.6.2024;5885
18.6.2024;5872
17.6.2024;5857
14.6.2024;5884
13.6.2024;5796
12.6.2024;5763
11.6.2024;5571
10.6.2024;5399
07.6.2024;5290
06.6.2024;5167
05.6.2024;5079
04.6.2024;4957
03.6.2024;4823
31.5.2024;4678
30.5.2024;4637
29.5.2024;4699
28.5.2024;4699
23.5.2024;4620
22.5.2024;4620
21.5.2024;4466
20.5.2024;4297
17.5.2024;4312
16.5.2024;4144
15.5.2024;4113
14.5.2024;4066
13.5.2024;4071
10.5.2024;4028
09.5.2024;4028
08.5.2024;4045
07.5.2024;4047
03.5.2024;4059
02.5.2024;4032
01.5.2024;3945
30.4.2024;3857
29.4.2024;3747
26.4.2024;3758
25.4.2024;3760
24.4.2024;3708
23.4.2024;3711
22.4.2024;3671
19.4.2024;3673
18.4.2024;3544
17.4.2024;3491
16.4.2024;3463
15.4.2024;3376
12.4.2024;3257
11.4.2024;3222
10.4.2024;3157
09.4.2024;3111
08.4.2024;3122
05.4.2024;3094
04.4.2024;3094
03.4.2024;3056
02.4.2024;3058
28.3.2024;3047
27.3.2024;2998
26.3.2024;2943
25.3.2024;2956
22.3.2024;2928
21.3.2024;2894
20.3.2024;2859
19.3.2024;2852
18.3.2024;2800
15.3.2024;2725
14.3.2024;2656
13.3.2024;2547
12.3.2024;2471
11.3.2024;2432
08.3.2024;2403
07.3.2024;2375
06.3.2024;2335
05.3.2024;2347
04.3.2024;2359
01.3.2024;2419
29.2.2024;2453
28.2.2024;2453
27.2.2024;2409
26.2.2024;2284
23.2.2024;2300
22.2.2024;2107
21.2.2024;1958
20.2.2024;1960
19.2.2024;1980
16.2.2024;2009
15.2.2024;2199
14.2.2024;2343
13.2.2024;2439
12.2.2024;2461
09.2.2024;2514
08.2.2024;2520
07.2.2024;2584
06.2.2024;2725
05.2.2024;2735
02.2.2024;2778
01.2.2024;2832
31.1.2024;2886
30.1.2024;2886
29.1.2024;2977
26.1.2024;3008
25.1.2024;3063
24.1.2024;3067
23.1.2024;3079
22.1.2024;2931
19.1.2024;3001
18.1.2024;3111
17.1.2024;3113
16.1.2024;3113
15.1.2024;3194
12.1.2024;3311
11.1.2024;3410
10.1.2024;3418
09.1.2024;3418
08.1.2024;3440
05.1.2024;3440
04.1.2024;3446
03.1.2024;3453
02.1.2024;3458
29.12.2023;3458
28.12.2023;3405
27.12.2023;3501
22.12.2023;3522
21.12.2023;3391
20.12.2023;3417
19.12.2023;3418
18.12.2023;3422
15.12.2023;3456
14.12.2023;3456
13.12.2023;3465
12.12.2023;3472
11.12.2023;3476
08.12.2023;3459
07.12.2023;3466
06.12.2023;3620
05.12.2023;3666
04.12.2023;3750
01.12.2023;3928
30.11.2023;3944
29.11.2023;4136
28.11.2023;4181
27.11.2023;4254
24.11.2023;4267
23.11.2023;4051
22.11.2023;3915
21.11.2023;3974
20.11.2023;3931
17.11.2023;3873
16.11.2023;3849
15.11.2023;3730
14.11.2023;3810
13.11.2023;3751
10.11.2023;3998
09.11.2023;4002
08.11.2023;4052
07.11.2023;4071
06.11.2023;4098
03.11.2023;4043
02.11.2023;3995
01.11.2023;3912
31.10.2023;3953
30.10.2023;3959
27.10.2023;3968
26.10.2023;3976
25.10.2023;3688
24.10.2023;3630
23.10.2023;3576
20.10.2023;3586
19.10.2023;3628
18.10.2023;3746
17.10.2023;3817
16.10.2023;3891
13.10.2023;3967
12.10.2023;4160
11.10.2023;4171
10.10.2023;4193
09.10.2023;4195
06.10.2023;4203
05.10.2023;4222
04.10.2023;4238
03.10.2023;4244
02.10.2023;4266
29.9.2023;4278
28.9.2023;4278
27.9.2023;4297
26.9.2023;4297
25.9.2023;4307
22.9.2023;4289
21.9.2023;4292
20.9.2023;4172
19.9.2023;4007
18.9.2023;3868
15.9.2023;3873
14.9.2023;3775
13.9.2023;3645
12.9.2023;3577
11.9.2023;3577
08.9.2023;3528
07.9.2023;3498
06.9.2023;3437
05.9.2023;3499
04.9.2023;3501
01.9.2023;3363
31.8.2023;3374
30.8.2023;3380
29.8.2023;3384
25.8.2023;3408
24.8.2023;3598
22.8.2023;3611
21.8.2023;3615
18.8.2023;3864
17.8.2023;3961
16.8.2023;4170
15.8.2023;4350
14.8.2023;4754
11.8.2023;4934
10.8.2023;5013
09.8.2023;5017
08.8.2023;5019
07.8.2023;5096
04.8.2023;5096
03.8.2023;5105
02.8.2023;5131
01.8.2023;5183
31.7.2023;5205
28.7.2023;5205
27.7.2023;5344
26.7.2023;5351
25.7.2023;5353
24.7.2023;5353
21.7.2023;5336
20.7.2023;5273
19.7.2023;5275
18.7.2023;5275
17.7.2023;5454
14.7.2023;5422
12.7.2023;5435
11.7.2023;5436
10.7.2023;5686
07.7.2023;5988
06.7.2023;6213
05.7.2023;6819
03.7.2023;7390
30.6.2023;7395
29.6.2023;7395
28.6.2023;7373
27.6.2023;7375
26.6.2023;7335
23.6.2023;7559
22.6.2023;7559
21.6.2023;7584
20.6.2023;7615
19.6.2023;7615
16.6.2023;7624
15.6.2023;7840
14.6.2023;7848
13.6.2023;7885
12.6.2023;7852
09.6.2023;7857
08.6.2023;7922
07.6.2023;7955
06.6.2023;7964
05.6.2023;7964
02.6.2023;8117
01.6.2023;8141
31.5.2023;8161
30.5.2023;8165
26.5.2023;8185
25.5.2023;8185
24.5.2023;8313
23.5.2023;8303
22.5.2023;8261
19.5.2023;8281
18.5.2023;8236
17.5.2023;8168
16.5.2023;8082
15.5.2023;8084
12.5.2023;8091
11.5.2023;8035
10.5.2023;8035
09.5.2023;7973
05.5.2023;7926
04.5.2023;7876
03.5.2023;7911
02.5.2023;7865
28.4.2023;7869
27.4.2023;7818
26.4.2023;7783
25.4.2023;7783
24.4.2023;7740
21.4.2023;7705
20.4.2023;7705
19.4.2023;7759
18.4.2023;7760
17.4.2023;7460
14.4.2023;7420
13.4.2023;7385
12.4.2023;7405
11.4.2023;7409
05.4.2023;7538
04.4.2023;7538
03.4.2023;7531
31.3.2023;7538
30.3.2023;7517
29.3.2023;7516
28.3.2023;7550
27.3.2023;7550
24.3.2023;7630
23.3.2023;7697
22.3.2023;7697
21.3.2023;7586
20.3.2023;7591
17.3.2023;7596
16.3.2023;7538
15.3.2023;7433
14.3.2023;7391
13.3.2023;7306
10.3.2023;7377
09.3.2023;7385
08.3.2023;7426
07.3.2023;7371
06.3.2023;7374
03.3.2023;7289
02.3.2023;7198
01.3.2023;7012
28.2.2023;7013
27.2.2023;6856
24.2.2023;6718
23.2.2023;6565
22.2.2023;6471
21.2.2023;6354
20.2.2023;6263
17.2.2023;6120
16.2.2023;6005
15.2.2023;5933
14.2.2023;5935
13.2.2023;5954
10.2.2023;5955
09.2.2023;5955
08.2.2023;5963
07.2.2023;5965
06.2.2023;5984
03.2.2023;6039
02.2.2023;6166
01.2.2023;6176
31.1.2023;6182
30.1.2023;6212
27.1.2023;6219
26.1.2023;6252
25.1.2023;6266
24.1.2023;6266
23.1.2023;6334
20.1.2023;6362
19.1.2023;6378
18.1.2023;6422
17.1.2023;6424
16.1.2023;6426
13.1.2023;6426
12.1.2023;6449
11.1.2023;6453
09.1.2023;6402
06.1.2023;6402
05.1.2023;6397
04.1.2023;6401
03.1.2023;6426
30.12.2022;6426
29.12.2022;6426
28.12.2022;6434
23.12.2022;6508
22.12.2022;6533
21.12.2022;6551
20.12.2022;6566
19.12.2022;6470
16.12.2022;6996
15.12.2022;7406
14.12.2022;7412
13.12.2022;7448
12.12.2022;7450
09.12.2022;7455
08.12.2022;7626
07.12.2022;7754
06.12.2022;7785
05.12.2022;8079
02.12.2022;8101
01.12.2022;8526
30.11.2022;8550
29.11.2022;8552
28.11.2022;8670
25.11.2022;8674
24.11.2022;8717
23.11.2022;8693
22.11.2022;8710
21.11.2022;8705
18.11.2022;8773
17.11.2022;8743
16.11.2022;8754
15.11.2022;8757
14.11.2022;8768
11.11.2022;9017
10.11.2022;9018
09.11.2022;9032
08.11.2022;9058
07.11.2022;9174
04.11.2022;9152
03.11.2022;9165
02.11.2022;9089
01.11.2022;9023
31.10.2022;9055
28.10.2022;8975
27.10.2022;8869
26.10.2022;8880
25.10.2022;8943
24.10.2022;8981
21.10.2022;8942
20.10.2022;8869
19.10.2022;8890
18.10.2022;8934
17.10.2022;9148
14.10.2022;9190
13.10.2022;9250
12.10.2022;9317
11.10.2022;9256
10.10.2022;9301
07.10.2022;9306
06.10.2022;9394
05.10.2022;9570
04.10.2022;9490
03.10.2022;9421
29.9.2022;9396
28.9.2022;9403
27.9.2022;9435
26.9.2022;9438
23.9.2022;9396
22.9.2022;9483
21.9.2022;9358
20.9.2022;9214
16.9.2022;9107
15.9.2022;8982
14.9.2022;8909
13.9.2022;8885
12.9.2022;9135
09.9.2022;9117
08.9.2022;9122
07.9.2022;9122
06.9.2022;9122
05.9.2022;9099
02.9.2022;9462
01.9.2022;9475
31.8.2022;9560
30.8.2022;9576
26.8.2022;9579
25.8.2022;9586
24.8.2022;9596
23.8.2022;9648
22.8.2022;9671
19.8.2022;9674
18.8.2022;9744
17.8.2022;9817
16.8.2022;9818
15.8.2022;9818
12.8.2022;9786
11.8.2022;9797
10.8.2022;9972
09.8.2022;10009
08.8.2022;10044
05.8.2022;10106
04.8.2022;10210
03.8.2022;10229
02.8.2022;10249
01.8.2022;10287
29.7.2022;10312
28.7.2022;10630
27.7.2022;10658
26.7.2022;10746
25.7.2022;10770
22.7.2022;10710
21.7.2022;10647
20.7.2022;10760
19.7.2022;10762
18.7.2022;10713
15.7.2022;10750
14.7.2022;10761
13.7.2022;10730
12.7.2022;10690
11.7.2022;10690
08.7.2022;10756
07.7.2022;10559
06.7.2022;10559
05.7.2022;10473
04.7.2022;10801
01.7.2022;10830
30.6.2022;10745
29.6.2022;10622
28.6.2022;10456
27.6.2022;10456
24.6.2022;10461
23.6.2022;10461
22.6.2022;10468
21.6.2022;10381
20.6.2022;10347
17.6.2022;10381
16.6.2022;10282
15.6.2022;10283
14.6.2022;10288
13.6.2022;10291
09.6.2022;10159
08.6.2022;10183
07.6.2022;10058
06.6.2022;10058
01.6.2022;10125
30.5.2022;10135
26.5.2022;10100
25.5.2022;10120
24.5.2022;10267
23.5.2022;10254
19.5.2022;9973
18.5.2022;9838
17.5.2022;9745
16.5.2022;9444
13.5.2022;9477
12.5.2022;9478
11.5.2022;9524
10.5.2022;9534
09.5.2022;9444
06.5.2022;9312
05.5.2022;9216
04.5.2022;9157
03.5.2022;9190
29.4.2022;9209
28.4.2022;9213
27.4.2022;9314
26.4.2022;9314
25.4.2022;9343
22.4.2022;9349
21.4.2022;9351
20.4.2022;9351
19.4.2022;9370
14.4.2022;9370
13.4.2022;9388
12.4.2022;9390
11.4.2022;9393
08.4.2022;9386
06.4.2022;9487
05.4.2022;9489
04.4.2022;9489
01.4.2022;9539
31.3.2022;9691
30.3.2022;9738
29.3.2022;9750
28.3.2022;9750
24.3.2022;9746
23.3.2022;9690
22.3.2022;9733
21.3.2022;9686
18.3.2022;9686
16.3.2022;9562
15.3.2022;9380
14.3.2022;9310
11.3.2022;9258
10.3.2022;9217
09.3.2022;9219
08.3.2022;9147
07.3.2022;9164
04.3.2022;9087
03.3.2022;9087
02.3.2022;9109
01.3.2022;9204
28.2.2022;9086
25.2.2022;9108
24.2.2022;8984
23.2.2022;8902
22.2.2022;8818
21.2.2022;8860
17.2.2022;8882
16.2.2022;8882
15.2.2022;8931
14.2.2022;9011
11.2.2022;9025
10.2.2022;9039
09.2.2022;9061
08.2.2022;9183
04.2.2022;9244
03.2.2022;9257
02.2.2022;9279
01.2.2022;9377
28.1.2022;9435
27.1.2022;9444
26.1.2022;9444
25.1.2022;9498
24.1.2022;9525
21.1.2022;9533
20.1.2022;9513
19.1.2022;9539
18.1.2022;9540
17.1.2022;9549
13.1.2022;9729
12.1.2022;9739
10.1.2022;9750
07.1.2022;9712
06.1.2022;9716
05.1.2022;9799
04.1.2022;9828
30.12.2021;9872
29.12.2021;9902
28.12.2021;9904
23.12.2021;9919
22.12.2021;9925
21.12.2021;9977
20.12.2021;10152
17.12.2021;10184
16.12.2021;10191
15.12.2021;10279
14.12.2021;10323
13.12.2021;10367
10.12.2021;10382
09.12.2021;10413
08.12.2021;10423
07.12.2021;10448
06.12.2021;10461
02.12.2021;10538
01.12.2021;10553
29.11.2021;10692
26.11.2021;10702
25.11.2021;10808
24.11.2021;10893
23.11.2021;10904
22.11.2021;10945
19.11.2021;11162
18.11.2021;11236
17.11.2021;11361
16.11.2021;11374
15.11.2021;11388
12.11.2021;11403
11.11.2021;11403
10.11.2021;11452
09.11.2021;11477
08.11.2021;11509
05.11.2021;11514
04.11.2021;11564
03.11.2021;11612
02.11.2021;11660
01.11.2021;11661
29.10.2021;11699
28.10.2021;11744
27.10.2021;11752
26.10.2021;11760
25.10.2021;11839
22.10.2021;11863
21.10.2021;11863
19.10.2021;11894
18.10.2021;11924
15.10.2021;11987
14.10.2021;12029
13.10.2021;12066
12.10.2021;12076
11.10.2021;12167
08.10.2021;12203
07.10.2021;12218
06.10.2021;12258
05.10.2021;12285
04.10.2021;12290
01.10.2021;12290
30.9.2021;12344
29.9.2021;12454
28.9.2021;12474
27.9.2021;12773
24.9.2021;12775
23.9.2021;12801
22.9.2021;12811
21.9.2021;12891
17.9.2021;13127
16.9.2021;13154
15.9.2021;13274
13.9.2021;13345
10.9.2021;13414
09.9.2021;13449
07.9.2021;13691
06.9.2021;13691
03.9.2021;13746
02.9.2021;13751
01.9.2021;13757
31.8.2021;13808
27.8.2021;13846
26.8.2021;13900
25.8.2021;13923
24.8.2021;13927
23.8.2021;13988
20.8.2021;14045
19.8.2021;14045
18.8.2021;14103
17.8.2021;14133
16.8.2021;14133
13.8.2021;14159
12.8.2021;14174
11.8.2021;14226
10.8.2021;14242
09.8.2021;14282
06.8.2021;14284
05.8.2021;14286
04.8.2021;14327
03.8.2021;14398
02.8.2021;14418
30.7.2021;14441
29.7.2021;14451
28.7.2021;14461
27.7.2021;14511
26.7.2021;14511
23.7.2021;14516
22.7.2021;14523
21.7.2021;14523
20.7.2021;14581
19.7.2021;14607
16.7.2021;14619
15.7.2021;14686
14.7.2021;14706
13.7.2021;14726
12.7.2021;14732
09.7.2021;14822
08.7.2021;14859
07.7.2021;14881
06.7.2021;14913
05.7.2021;14913
02.7.2021;14923
01.7.2021;14959
30.6.2021;14971
29.6.2021;15085
28.6.2021;15090
25.6.2021;15095
24.6.2021;15181
23.6.2021;15255
22.6.2021;15269
21.6.2021;15276
17.6.2021;15318
15.6.2021;15421
14.6.2021;15428
11.6.2021;15465
09.6.2021;15486
08.6.2021;15518
07.6.2021;15598
04.6.2021;15614
02.6.2021;15700
01.6.2021;15760
28.5.2021;15846
27.5.2021;15850
26.5.2021;15876
25.5.2021;15920
24.5.2021;15905
21.5.2021;15954
20.5.2021;16017
19.5.2021;15899
18.5.2021;15913
17.5.2021;15934
14.5.2021;15861
13.5.2021;15780
12.5.2021;15711
11.5.2021;15659
10.5.2021;15594
07.5.2021;15599
06.5.2021;15476
05.5.2021;15451
04.5.2021;15409
30.4.2021;15248
29.4.2021;15271
28.4.2021;15118
27.4.2021;15092
26.4.2021;14983
23.4.2021;14855
22.4.2021;14765
21.4.2021;14779
20.4.2021;14733
19.4.2021;14718
16.4.2021;14723
15.4.2021;14680
14.4.2021;14652
13.4.2021;14662
12.4.2021;14671
09.4.2021;14732
08.4.2021;14742
07.4.2021;14756
06.4.2021;14768
01.4.2021;14805
31.3.2021;14837
29.3.2021;14906
26.3.2021;14937
25.3.2021;14952
24.3.2021;14839
23.3.2021;14827
22.3.2021;14778
19.3.2021;14698
18.3.2021;14627
17.3.2021;14550
16.3.2021;14416
15.3.2021;14360
12.3.2021;14449
11.3.2021;14361
10.3.2021;14364
09.3.2021;14391
08.3.2021;14394
05.3.2021;14396
04.3.2021;14397
03.3.2021;14402
02.3.2021;14423
01.3.2021;14431
26.2.2021;14431
25.2.2021;14470
24.2.2021;14480
23.2.2021;14488
22.2.2021;14522
19.2.2021;14537
18.2.2021;14472
17.2.2021;14354
16.2.2021;14307
15.2.2021;14290
12.2.2021;14279
11.2.2021;14261
10.2.2021;14307
09.2.2021;14337
08.2.2021;14341
05.2.2021;14306
04.2.2021;14261
03.2.2021;14221
02.2.2021;14255
29.1.2021;14237
28.1.2021;14251
27.1.2021;14298
26.1.2021;14252
25.1.2021;14254
22.1.2021;14260
21.1.2021;14272
20.1.2021;14255
19.1.2021;14187
18.1.2021;14168
14.1.2021;14170
13.1.2021;14141
12.1.2021;14197
11.1.2021;14159
06.1.2021;13991
05.1.2021;13923
04.1.2021;13846
31.12.2020;13807
30.12.2020;13761
29.12.2020;13689
28.12.2020;13774
24.12.2020;13774
23.12.2020;13779
22.12.2020;13669
21.12.2020;13575
18.12.2020;13477
17.12.2020;13523
16.12.2020;13364
15.12.2020;13400
14.12.2020;13410
11.12.2020;13331
10.12.2020;13335
09.12.2020;13433
08.12.2020;13433
07.12.2020;13376
04.12.2020;13378
03.12.2020;13315
02.12.2020;13283
01.12.2020;13302
30.11.2020;13275
27.11.2020;13289
26.11.2020;13334
25.11.2020;13339
24.11.2020;13348
23.11.2020;13357
20.11.2020;13349
18.11.2020;13296
17.11.2020;13312
16.11.2020;13328
13.11.2020;13333
12.11.2020;13233
11.11.2020;13233
10.11.2020;13121
09.11.2020;12989
06.11.2020;12888
05.11.2020;12782
04.11.2020;12676
03.11.2020;12519
02.11.2020;12456
30.10.2020;12406
29.10.2020;12431
28.10.2020;12245
27.10.2020;12093
26.10.2020;11882
23.10.2020;11757
22.10.2020;11763
21.10.2020;11532
20.10.2020;11343
19.10.2020;11148
16.10.2020;11007
15.10.2020;10929
14.10.2020;10808
13.10.2020;10824
12.10.2020;10824
09.10.2020;10839
08.10.2020;10842
07.10.2020;10842
06.10.2020;10848
05.10.2020;10875
02.10.2020;10903
01.10.2020;10934
30.9.2020;10934
29.9.2020;10934
28.9.2020;10948
25.9.2020;10948
24.9.2020;10950
23.9.2020;10954
22.9.2020;10956
21.9.2020;10960
18.9.2020;10982
17.9.2020;10982
16.9.2020;10997
15.9.2020;11001
14.9.2020;11005
11.9.2020;11000
10.9.2020;11000
09.9.2020;11026
08.9.2020;10967
07.9.2020;11011
04.9.2020;11050
03.9.2020;11000
02.9.2020;10977
01.9.2020;10977
28.8.2020;10908
27.8.2020;10938
26.8.2020;10908
25.8.2020;10908
24.8.2020;10908
21.8.2020;10963
20.8.2020;10945
19.8.2020;10953
18.8.2020;10959
17.8.2020;10960
14.8.2020;10960
13.8.2020;10984
12.8.2020;10998
11.8.2020;10998
10.8.2020;11018
07.8.2020;11038
06.8.2020;11066
05.8.2020;11076
04.8.2020;11091
03.8.2020;11104
31.7.2020;11141
30.7.2020;11166
29.7.2020;11191
28.7.2020;11204
27.7.2020;11220
24.7.2020;11301
23.7.2020;11313
22.7.2020;11325
21.7.2020;11338
20.7.2020;11352
17.7.2020;11361
16.7.2020;11402
15.7.2020;11410
14.7.2020;11431
13.7.2020;11474
10.7.2020;11511
09.7.2020;11522
08.7.2020;11522
07.7.2020;11522
06.7.2020;11530
03.7.2020;11582
02.7.2020;11629
01.7.2020;11650
30.6.2020;11746
29.6.2020;11793
24.6.2020;11879
23.6.2020;11895
22.6.2020;11932
19.6.2020;11960
18.6.2020;12003
17.6.2020;12005
16.6.2020;12043
15.6.2020;12086
12.6.2020;12123
11.6.2020;12210
10.6.2020;12250
09.6.2020;12280
08.6.2020;12309
05.6.2020;12336
04.6.2020;12393
03.6.2020;12437
02.6.2020;12489
01.6.2020;12528
29.5.2020;12728
28.5.2020;12797
27.5.2020;12823
26.5.2020;12848
22.5.2020;12939
21.5.2020;12960
20.5.2020;12981
19.5.2020;13021
18.5.2020;13042
15.5.2020;13080
14.5.2020;13132
13.5.2020;13141
12.5.2020;13157
11.5.2020;13176
07.5.2020;13203
06.5.2020;13219
05.5.2020;13270
04.5.2020;13316
01.5.2020;13372
30.4.2020;13507
28.4.2020;13660
27.4.2020;13663
24.4.2020;13785
23.4.2020;13792
22.4.2020;13812
21.4.2020;13849
20.4.2020;13916
17.4.2020;14008
16.4.2020;14008
15.4.2020;14032
14.4.2020;14113
09.4.2020;14131
08.4.2020;14225
07.4.2020;14272
06.4.2020;14280
03.4.2020;14364
02.4.2020;14366
01.4.2020;14374
31.3.2020;14388
30.3.2020;14404
27.3.2020;14434
25.3.2020;14455
24.3.2020;14468
23.3.2020;14533
20.3.2020;14535
19.3.2020;14548
18.3.2020;14560
17.3.2020;14574
16.3.2020;14743
13.3.2020;14815
12.3.2020;14815
11.3.2020;14832
10.3.2020;14859
09.3.2020;14930
06.3.2020;14949
05.3.2020;15015
04.3.2020;15025
03.3.2020;14988
02.3.2020;14999
28.2.2020;15111
27.2.2020;15127
26.2.2020;15154
25.2.2020;15171
24.2.2020;15186
21.2.2020;15240
20.2.2020;15251
14.2.2020;15270
13.2.2020;15285
12.2.2020;15285
11.2.2020;15118
10.2.2020;14944
07.2.2020;14876
06.2.2020;14735
05.2.2020;14608
04.2.2020;14499
03.2.2020;14335
31.1.2020;14389
30.1.2020;14398
29.1.2020;14388
28.1.2020;14505
27.1.2020;14511
24.1.2020;14448
23.1.2020;14476
22.1.2020;14500
21.1.2020;14553
16.1.2020;14737
15.1.2020;14803
13.1.2020;14826
10.1.2020;14890
09.1.2020;14951
08.1.2020;14951
07.1.2020;14951
06.1.2020;14951
30.12.2019;15053
27.12.2019;15055
24.12.2019;15055
23.12.2019;15065
20.12.2019;15146
19.12.2019;15146
18.12.2019;15168
17.12.2019;15225
12.12.2019;15276
11.12.2019;15288
10.12.2019;15278
05.12.2019;15286
04.12.2019;15282
03.12.2019;15302
02.12.2019;15334
29.11.2019;15360
28.11.2019;15470
27.11.2019;15558
25.11.2019;15589
21.11.2019;15647
14.11.2019;15738
13.11.2019;15756
12.11.2019;15768
11.11.2019;15721
08.11.2019;15733
06.11.2019;15763
05.11.2019;15775
04.11.2019;15790
01.11.2019;15802
31.10.2019;15849
30.10.2019;15849
29.10.2019;15857
25.10.2019;15901
24.10.2019;15920
23.10.2019;15940
22.10.2019;15947
21.10.2019;15806
17.10.2019;15740
16.10.2019;15682
15.10.2019;15690
14.10.2019;15569
11.10.2019;15495
10.10.2019;15431
09.10.2019;15451
08.10.2019;15465
07.10.2019;15469
04.10.2019;15406
03.10.2019;15418
02.10.2019;15420
01.10.2019;15426
30.9.2019;15441
27.9.2019;15464
26.9.2019;15515
25.9.2019;15522
24.9.2019;15531
23.9.2019;15539
20.9.2019;15544
19.9.2019;15516
18.9.2019;15427
17.9.2019;15441
16.9.2019;15405
13.9.2019;15408
12.9.2019;15421
11.9.2019;15424
10.9.2019;15432
09.9.2019;15299
06.9.2019;15362
05.9.2019;15340
04.9.2019;15404
03.9.2019;15336
02.9.2019;15342
30.8.2019;15405
28.8.2019;15296
27.8.2019;15302
23.8.2019;15199
22.8.2019;15240
21.8.2019;15242
20.8.2019;15131
19.8.2019;15050
16.8.2019;15052
15.8.2019;15052
14.8.2019;14945
13.8.2019;14985
12.8.2019;14989
09.8.2019;14789
08.8.2019;14864
07.8.2019;14811
06.8.2019;14748
05.8.2019;14748
02.8.2019;14597
01.8.2019;14599
31.7.2019;14521
30.7.2019;14524
29.7.2019;14530
26.7.2019;14535
25.7.2019;14535
24.7.2019;14393
23.7.2019;14114
22.7.2019;13863
19.7.2019;13639
18.7.2019;13487
17.7.2019;13309
16.7.2019;13182
15.7.2019;13199
12.7.2019;13214
11.7.2019;13150
10.7.2019;13054
09.7.2019;12977
08.7.2019;12985
05.7.2019;12988
04.7.2019;12994
03.7.2019;12995
02.7.2019;12998
01.7.2019;13009
28.6.2019;12950
27.6.2019;12878
26.6.2019;12858
25.6.2019;12827
24.6.2019;12796
21.6.2019;12760
20.6.2019;12722
19.6.2019;12669
18.6.2019;12671
17.6.2019;12578
14.6.2019;12578
13.6.2019;12584
12.6.2019;12584
11.6.2019;12598
10.6.2019;12594
07.6.2019;12599
06.6.2019;12606
05.6.2019;12501
04.6.2019;12502
03.6.2019;12467
31.5.2019;12511
30.5.2019;12513
29.5.2019;12528
28.5.2019;12532
24.5.2019;12538
23.5.2019;12258
22.5.2019;12261
21.5.2019;12116
20.5.2019;12143
17.5.2019;12068
16.5.2019;12071
15.5.2019;12082
14.5.2019;12029
13.5.2019;11922
10.5.2019;11885
09.5.2019;11782
08.5.2019;11790
07.5.2019;11790
03.5.2019;11787
02.5.2019;11792
01.5.2019;11755
30.4.2019;11768
29.4.2019;11698
26.4.2019;11644
25.4.2019;11651
24.4.2019;11655
23.4.2019;11659
18.4.2019;11670
17.4.2019;11675
16.4.2019;11623
15.4.2019;11623
12.4.2019;11630
11.4.2019;11626
10.4.2019;11627
09.4.2019;11634
08.4.2019;11652
05.4.2019;11667
04.4.2019;11662
03.4.2019;11662
02.4.2019;11662
01.4.2019;11687
29.3.2019;11689
28.3.2019;11717
27.3.2019;11722
26.3.2019;11727
25.3.2019;11735
22.3.2019;11733
21.3.2019;11742
20.3.2019;11752
19.3.2019;11755
18.3.2019;11764
15.3.2019;11783
14.3.2019;11790
13.3.2019;11808
12.3.2019;11858
08.3.2019;11812
07.3.2019;11826
06.3.2019;11834
05.3.2019;11843
04.3.2019;11869
01.3.2019;11917
28.2.2019;11945
27.2.2019;11965
26.2.2019;11975
25.2.2019;11989
22.2.2019;12009
21.2.2019;12031
20.2.2019;12022
19.2.2019;12037
18.2.2019;12148
15.2.2019;12173
14.2.2019;12185
13.2.2019;12170
12.2.2019;12158
11.2.2019;12192
08.2.2019;12193
07.2.2019;12222
06.2.2019;12266
05.2.2019;12284
04.2.2019;12379
01.2.2019;12428
31.1.2019;12446
30.1.2019;12498
29.1.2019;12371
28.1.2019;12409
25.1.2019;12457
24.1.2019;12296
23.1.2019;12108
22.1.2019;12034
21.1.2019;11825
18.1.2019;11757
17.1.2019;11587
16.1.2019;11513
15.1.2019;11583
14.1.2019;11486
11.1.2019;11369
10.1.2019;11411
08.1.2019;11352
07.1.2019;11297
04.1.2019;11220
02.1.2019;11247
31.12.2018;11120
28.12.2018;11018
27.12.2018;11018
24.12.2018;11024
21.12.2018;10888
20.12.2018;10765
19.12.2018;10634
18.12.2018;10535
17.12.2018;10459
13.12.2018;10322
12.12.2018;10272
11.12.2018;10284
10.12.2018;10302
07.12.2018;10384
06.12.2018;9998
05.12.2018;10019
04.12.2018;9964
03.12.2018;9979
30.11.2018;10032
29.11.2018;10025
28.11.2018;10035
27.11.2018;10448
26.11.2018;10509
23.11.2018;10420
22.11.2018;10471
20.11.2018;10402
19.11.2018;10292
16.11.2018;10080
15.11.2018;9923
14.11.2018;9873
13.11.2018;9741
12.11.2018;9574
09.11.2018;9577
08.11.2018;9563
07.11.2018;9537
06.11.2018;9544
05.11.2018;9546
02.11.2018;9549
01.11.2018;9549
31.10.2018;9300
30.10.2018;9330
29.10.2018;9197
26.10.2018;9128
25.10.2018;9283
24.10.2018;9149
23.10.2018;9111
22.10.2018;9012
19.10.2018;8930
18.10.2018;8853
17.10.2018;8801
16.10.2018;8804
15.10.2018;8755
12.10.2018;8749
11.10.2018;8686
10.10.2018;8686
09.10.2018;8700
08.10.2018;8685
05.10.2018;8658
04.10.2018;8690
03.10.2018;8692
02.10.2018;8721
01.10.2018;8860
28.9.2018;8874
27.9.2018;8876
26.9.2018;8879
25.9.2018;8881
24.9.2018;8879
21.9.2018;8508
20.9.2018;8283
19.9.2018;8204
18.9.2018;7975
17.9.2018;7917
14.9.2018;7785
13.9.2018;7651
12.9.2018;7618
11.9.2018;7656
10.9.2018;7778
07.9.2018;7778
06.9.2018;7486
05.9.2018;7441
04.9.2018;7459
03.9.2018;7459
31.8.2018;7411
30.8.2018;7419
29.8.2018;7419
28.8.2018;7286
24.8.2018;7324
23.8.2018;7332
22.8.2018;7293
21.8.2018;7295
20.8.2018;7307
17.8.2018;7307
16.8.2018;7311
15.8.2018;7311
14.8.2018;7315
13.8.2018;7256
10.8.2018;7268
09.8.2018;7270
08.8.2018;7276
07.8.2018;7278
06.8.2018;7280
03.8.2018;7288
02.8.2018;7303
01.8.2018;7307
31.7.2018;7358
30.7.2018;7364
27.7.2018;7374
26.7.2018;7379
25.7.2018;7379
24.7.2018;7195
23.7.2018;7036
20.7.2018;6918
19.7.2018;6745
18.7.2018;6700
17.7.2018;6639
16.7.2018;6526
13.7.2018;6444
12.7.2018;6369
11.7.2018;6375
10.7.2018;6333
09.7.2018;6337
06.7.2018;6350
05.7.2018;6289
04.7.2018;6322
03.7.2018;6409
02.7.2018;6419
29.6.2018;6452
28.6.2018;6461
27.6.2018;6479
26.6.2018;6521
25.6.2018;6661
22.6.2018;6742
21.6.2018;6750
20.6.2018;6802
19.6.2018;6885
18.6.2018;6953
15.6.2018;7024
14.6.2018;7220
13.6.2018;7222
12.6.2018;7460
11.6.2018;7697
08.6.2018;7727
07.6.2018;7733
06.6.2018;7737
05.6.2018;7769
04.6.2018;7778
01.6.2018;7825
31.5.2018;7864
30.5.2018;7876
29.5.2018;7876
25.5.2018;7941
24.5.2018;8022
23.5.2018;8022
22.5.2018;8014
21.5.2018;8014
18.5.2018;7994
17.5.2018;7994
16.5.2018;7980
15.5.2018;7941
14.5.2018;7881
11.5.2018;7833
10.5.2018;7788
09.5.2018;7712
08.5.2018;7714
04.5.2018;7725
03.5.2018;7679
02.5.2018;7696
01.5.2018;7696
30.4.2018;7704
27.4.2018;7714
26.4.2018;7771
25.4.2018;7779
24.4.2018;7790
23.4.2018;7766
20.4.2018;7766
19.4.2018;7769
18.4.2018;7773
16.4.2018;7989
13.4.2018;7989
12.4.2018;7992
11.4.2018;7995
10.4.2018;8012
09.4.2018;8037
06.4.2018;8039
05.4.2018;8039
04.4.2018;8047
03.4.2018;8047
29.3.2018;8109
28.3.2018;8044
27.3.2018;8047
26.3.2018;8050
23.3.2018;8009
22.3.2018;7999
21.3.2018;8092
20.3.2018;8209
19.3.2018;8188
16.3.2018;8204
15.3.2018;8184
14.3.2018;8196
13.3.2018;8199
12.3.2018;8209
09.3.2018;8309
08.3.2018;8621
07.3.2018;8636
06.3.2018;8658
05.3.2018;8724
02.3.2018;8735
01.3.2018;8896
28.2.2018;8900
27.2.2018;8896
26.2.2018;9032
23.2.2018;9052
22.2.2018;9052
21.2.2018;9054
20.2.2018;9067
19.2.2018;9105
16.2.2018;9393
15.2.2018;9424
14.2.2018;9443
13.2.2018;9457
12.2.2018;9867
09.2.2018;9926
08.2.2018;9944
07.2.2018;10013
06.2.2018;10154
05.2.2018;10260
02.2.2018;10335
01.2.2018;10392
31.1.2018;10497
30.1.2018;10539
29.1.2018;10731
26.1.2018;10889
25.1.2018;10969
24.1.2018;10930
23.1.2018;11034
22.1.2018;11242
19.1.2018;11236
18.1.2018;11474
17.1.2018;11609
16.1.2018;11609
15.1.2018;11679
12.1.2018;11739
11.1.2018;11775
10.1.2018;11846
09.1.2018;11928
08.1.2018;11981
05.1.2018;12027
04.1.2018;12089
03.1.2018;12084
02.1.2018;12091
29.12.2017;12131
28.12.2017;12139
27.12.2017;12295
22.12.2017;12494
21.12.2017;12505
20.12.2017;12509
19.12.2017;12510
18.12.2017;12510
15.12.2017;12645
14.12.2017;12651
13.12.2017;12682
12.12.2017;12732
11.12.2017;12734
08.12.2017;12741
07.12.2017;12745
06.12.2017;12784
05.12.2017;12807
04.12.2017;12814
01.12.2017;12843
30.11.2017;12907
29.11.2017;12902
28.11.2017;12929
27.11.2017;12972
24.11.2017;13047
23.11.2017;13085
22.11.2017;13076
21.11.2017;13016
20.11.2017;12937
17.11.2017;12918
16.11.2017;12932
15.11.2017;12949
14.11.2017;12881
13.11.2017;12881
10.11.2017;12913
09.11.2017;12813
08.11.2017;12813
07.11.2017;12853
06.11.2017;12874
03.11.2017;12874
02.11.2017;12899
01.11.2017;12899
31.10.2017;12914
30.10.2017;12926
27.10.2017;12960
26.10.2017;12962
25.10.2017;12977
24.10.2017;12999
23.10.2017;13030
20.10.2017;13169
19.10.2017;13327
18.10.2017;13459
17.10.2017;13460
16.10.2017;13467
13.10.2017;13471
12.10.2017;13652
11.10.2017;13790
10.10.2017;13792
09.10.2017;14098
06.10.2017;14108
05.10.2017;14180
04.10.2017;14180
03.10.2017;14193
02.10.2017;14193
29.9.2017;14441
28.9.2017;14557
27.9.2017;14572
26.9.2017;14842
25.9.2017;14737
22.9.2017;14767
21.9.2017;14644
20.9.2017;14655
19.9.2017;14613
18.9.2017;14569
15.9.2017;14502
14.9.2017;14446
13.9.2017;14432
12.9.2017;14370
11.9.2017;14382
08.9.2017;14382
07.9.2017;14422
06.9.2017;14689
05.9.2017;14689
04.9.2017;14623
01.9.2017;14623
31.8.2017;14664
30.8.2017;14818
29.8.2017;14833
25.8.2017;14850
24.8.2017;14853
23.8.2017;14870
22.8.2017;14872
21.8.2017;14876
18.8.2017;14853
17.8.2017;14865
16.8.2017;14879
15.8.2017;14882
11.8.2017;15078
10.8.2017;15134
09.8.2017;15215
08.8.2017;15284
07.8.2017;15318
04.8.2017;15457
03.8.2017;15460
02.8.2017;15431
01.8.2017;15431
31.7.2017;15494
28.7.2017;15480
27.7.2017;15410
26.7.2017;15367
25.7.2017;15576
24.7.2017;15502
21.7.2017;15502
20.7.2017;15431
19.7.2017;15388
18.7.2017;15336
17.7.2017;15259
14.7.2017;15259
13.7.2017;15334
12.7.2017;15381
11.7.2017;15638
10.7.2017;16328
07.7.2017;16328
06.7.2017;16360
05.7.2017;16363
04.7.2017;16400
03.7.2017;16400
30.6.2017;16413
29.6.2017;16432
28.6.2017;16466
27.6.2017;16527
26.6.2017;16545
23.6.2017;16662
22.6.2017;16648
21.6.2017;16690
20.6.2017;16690
19.6.2017;16693
16.6.2017;16710
15.6.2017;16781
14.6.2017;16760
13.6.2017;16787
12.6.2017;16806
09.6.2017;16824
08.6.2017;16830
07.6.2017;16862
06.6.2017;16823
05.6.2017;16823
02.6.2017;16827
01.6.2017;16827
31.5.2017;16901
30.5.2017;16851
26.5.2017;16872
25.5.2017;16872
24.5.2017;16911
23.5.2017;16894
22.5.2017;16946
19.5.2017;17033
18.5.2017;17051
17.5.2017;17061
16.5.2017;17097
15.5.2017;17141
12.5.2017;17140
11.5.2017;17209
10.5.2017;17215
09.5.2017;17198
08.5.2017;17201
05.5.2017;17180
04.5.2017;17099
03.5.2017;17101
02.5.2017;17101
28.4.2017;17032
27.4.2017;16875
26.4.2017;16895
25.4.2017;16895
24.4.2017;16902
21.4.2017;16860
20.4.2017;16863
19.4.2017;16849
13.4.2017;16919
12.4.2017;16918
11.4.2017;16918
10.4.2017;16869
07.4.2017;16781
06.4.2017;16781
05.4.2017;16753
04.4.2017;16783
03.4.2017;16783
31.3.2017;16850
30.3.2017;16826
29.3.2017;16836
28.3.2017;16738
27.3.2017;16745
24.3.2017;16559
23.3.2017;16564
22.3.2017;16490
21.3.2017;16495
20.3.2017;16497
17.3.2017;16473
16.3.2017;16357
15.3.2017;16371
14.3.2017;16373
13.3.2017;16373
10.3.2017;16394
09.3.2017;16396
08.3.2017;16354
07.3.2017;16411
06.3.2017;16411
03.3.2017;16420
02.3.2017;16470
01.3.2017;16474
28.2.2017;16477
27.2.2017;16371
24.2.2017;16371
23.2.2017;16385
22.2.2017;16396
21.2.2017;16437
20.2.2017;16440
17.2.2017;16334
16.2.2017;16334
15.2.2017;16155
14.2.2017;16185
13.2.2017;16185
10.2.2017;16197
09.2.2017;16173
08.2.2017;16187
07.2.2017;16193
06.2.2017;16187
03.2.2017;16081
02.2.2017;16081
01.2.2017;16058
31.1.2017;16002
30.1.2017;15223
27.1.2017;15149
26.1.2017;15026
25.1.2017;14956
24.1.2017;14873
23.1.2017;14815
20.1.2017;14823
19.1.2017;14705
17.1.2017;14580
16.1.2017;14467
13.1.2017;14515
11.1.2017;14457
10.1.2017;14467
09.1.2017;14541
06.1.2017;14475
05.1.2017;14428
04.1.2017;14428
03.1.2017;14428
30.12.2016;14359
29.12.2016;14153
28.12.2016;14164
23.12.2016;14108
22.12.2016;14167
16.12.2016;14167
15.12.2016;14185
14.12.2016;14185
13.12.2016;14200
09.12.2016;14199
08.12.2016;14199
07.12.2016;14200
06.12.2016;14182
05.12.2016;14182
02.12.2016;14182
01.12.2016;14182
30.11.2016;14200
29.11.2016;14108
28.11.2016;14104
25.11.2016;14077
24.11.2016;14011
23.11.2016;13869
22.11.2016;13817
21.11.2016;13795
18.11.2016;13714
17.11.2016;13718
16.11.2016;13718
15.11.2016;13720
14.11.2016;13722
11.11.2016;13673
10.11.2016;13643
09.11.2016;13671
08.11.2016;13677
07.11.2016;13679
04.11.2016;13679
03.11.2016;13679
02.11.2016;13681
01.11.2016;13681
31.10.2016;13684
28.10.2016;13684
27.10.2016;13693
25.10.2016;13706
24.10.2016;13709
21.10.2016;13711
20.10.2016;13716
19.10.2016;13716
18.10.2016;13719
17.10.2016;13719
14.10.2016;13719
13.10.2016;13721
12.10.2016;13721
11.10.2016;13721
07.10.2016;13746
06.10.2016;13770
05.10.2016;13826
04.10.2016;13828
03.10.2016;13829
30.9.2016;13827
29.9.2016;13845
28.9.2016;13869
27.9.2016;13884
26.9.2016;13884
23.9.2016;13884
22.9.2016;13916
21.9.2016;13918
20.9.2016;13948
19.9.2016;13950
16.9.2016;13956
15.9.2016;14044
14.9.2016;14080
13.9.2016;14074
12.9.2016;14100
09.9.2016;14102
08.9.2016;14102
07.9.2016;14134
06.9.2016;14134
05.9.2016;14134
02.9.2016;14169
01.9.2016;14173
31.8.2016;14198
30.8.2016;14198
26.8.2016;14227
25.8.2016;14227
24.8.2016;14265
23.8.2016;14265
22.8.2016;14322
19.8.2016;14322
18.8.2016;14348
17.8.2016;14348
16.8.2016;14453
15.8.2016;14486
12.8.2016;14486
11.8.2016;14507
10.8.2016;14507
09.8.2016;14486
08.8.2016;14548
05.8.2016;14548
04.8.2016;14568
03.8.2016;14589
02.8.2016;14591
01.8.2016;14591
29.7.2016;14599
28.7.2016;14660
27.7.2016;14681
26.7.2016;14681
25.7.2016;14681
21.7.2016;14681
20.7.2016;14681
19.7.2016;14796
18.7.2016;14912
15.7.2016;14912
14.7.2016;14912
13.7.2016;14912
12.7.2016;14920
11.7.2016;14976
08.7.2016;14978
07.7.2016;14982
06.7.2016;15018
05.7.2016;15018
04.7.2016;15050
01.7.2016;15054
30.6.2016;15082
29.6.2016;15224
28.6.2016;15175
27.6.2016;15186
24.6.2016;15239
23.6.2016;15243
22.6.2016;15294
21.6.2016;15308
20.6.2016;15315
17.6.2016;15319
16.6.2016;15354
15.6.2016;15354
14.6.2016;15355
13.6.2016;15375
10.6.2016;15407
09.6.2016;15462
08.6.2016;15557
07.6.2016;15579
06.6.2016;15583
03.6.2016;15605
02.6.2016;15647
01.6.2016;15659
31.5.2016;15802
26.5.2016;15939
25.5.2016;16013
24.5.2016;16029
19.5.2016;16230
18.5.2016;16275
17.5.2016;16290
16.5.2016;16290
13.5.2016;16290
12.5.2016;16332
11.5.2016;16420
10.5.2016;16424
09.5.2016;16432
06.5.2016;16440
05.5.2016;16498
04.5.2016;16498
03.5.2016;16503
29.4.2016;16610
28.4.2016;16625
27.4.2016;16637
26.4.2016;16659
25.4.2016;16696
22.4.2016;16709
21.4.2016;16751
20.4.2016;16792
19.4.2016;16806
18.4.2016;16829
24.3.2016;17582
23.3.2016;17614
18.3.2016;17802
17.3.2016;17822
16.3.2016;17848
15.3.2016;17882
14.3.2016;17899
10.3.2016;17936
09.3.2016;17978
08.3.2016;17981
07.3.2016;17985
04.3.2016;18036
03.3.2016;18100
02.3.2016;18122
01.3.2016;18173
29.2.2016;18179
26.2.2016;18196
25.2.2016;18198
24.2.2016;18236
23.2.2016;18256
22.2.2016;18270
19.2.2016;18321
18.2.2016;18379
17.2.2016;18541
16.2.2016;18586
15.2.2016;18666
12.2.2016;18717
11.2.2016;18730
10.2.2016;18937
09.2.2016;18956
08.2.2016;18963
05.2.2016;18981
04.2.2016;19033
03.2.2016;19072
02.2.2016;19093
01.2.2016;19109
29.1.2016;19175
28.1.2016;19239
27.1.2016;19278
26.1.2016;19303
25.1.2016;19332
22.1.2016;19366
21.1.2016;19390
20.1.2016;19413
19.1.2016;19447
18.1.2016;19482
13.1.2016;19513
12.1.2016;19561
11.1.2016;19564
31.12.2015;19758
24.12.2015;19809
23.12.2015;19840
22.12.2015;19872
21.12.2015;19882
17.12.2015;19919
16.12.2015;19922
15.12.2015;19926
14.12.2015;19928
11.12.2015;19928
10.12.2015;19932
09.12.2015;19973
08.12.2015;19975
07.12.2015;19983
03.12.2015;20008
02.12.2015;20028
01.12.2015;20033
30.11.2015;20033
27.11.2015;20076
26.11.2015;20084
25.11.2015;20098
24.11.2015;20100
23.11.2015;20116
20.11.2015;20117
19.11.2015;20118
17.11.2015;20013
16.11.2015;20020
12.11.2015;20040
11.11.2015;20040
10.11.2015;20040
09.11.2015;20055
06.11.2015;20055
05.11.2015;20092
04.11.2015;20094
03.11.2015;20039
02.11.2015;20077
30.10.2015;20077
28.10.2015;20141
27.10.2015;20145
26.10.2015;20151
23.10.2015;20170
22.10.2015;20378
21.10.2015;20387
20.10.2015;20403
19.10.2015;20409
16.10.2015;20415
15.10.2015;20415
14.10.2015;20418
13.10.2015;20431
12.10.2015;20443
11.10.2015;20303
08.10.2015;20303
07.10.2015;20312
06.10.2015;20255
05.10.2015;20256
04.10.2015;20259
01.10.2015;20247
30.9.2015;20296
29.9.2015;20292
28.9.2015;20327
14.9.2015;20595
03.9.2015;20481
17.8.2015;20368
03.8.2015;20396
20.7.2015;20047
06.7.2015;19155
22.6.2015;18664
08.6.2015;18435
25.5.2015;18052
11.5.2015;17810
27.4.2015;17549
13.4.2015;17227
30.3.2015;16989
16.3.2015;16365
02.3.2015;15744
16.2.2015;15244
02.2.2015;14824
19.1.2015;14026
05.1.2015;13028
